run_dir,exp_id,task,policy,controller,episodes,success_rate,avg_steps,avg_reward,avg_grasp_attempts,avg_grasp_success,avg_retry_count,flash_every,flash_len,wall_time_sec,generated
runs/ablation/p2_door_pi/mw-door-open-v3-struct_mem-20260410-191046-seed0,mw-door-open-v3-struct_mem-20260410-191046-seed0,door-open-v3,struct_mem,PD,60,0.0,200.0,239.93103759673397,2.7333333333333334,0.0,2.7333333333333334,20,1,7.771571636199951,2026-04-10T19:10:54
runs/ablation/p2_door_pi/mw-door-open-v3-struct_mem-20260410-191055-seed1,mw-door-open-v3-struct_mem-20260410-191055-seed1,door-open-v3,struct_mem,PD,60,0.0,200.0,224.60099577771794,2.4,0.0,2.4,20,1,7.620475769042969,2026-04-10T19:11:03
runs/ablation/p2_door_pi/mw-door-open-v3-struct_mem-20260410-191105-seed2,mw-door-open-v3-struct_mem-20260410-191105-seed2,door-open-v3,struct_mem,PD,60,0.0,200.0,248.80462884111597,2.716666666666667,0.0,2.716666666666667,20,1,7.576208591461182,2026-04-10T19:11:12
runs/ablation/p2_door_pi/mw-door-open-v3-struct_mem-20260410-191114-seed0,mw-door-open-v3-struct_mem-20260410-191114-seed0,door-open-v3,struct_mem,PI,60,0.0,200.0,242.2387439835684,2.5,0.0,2.5,20,1,7.948890209197998,2026-04-10T19:11:22
runs/ablation/p2_door_pi/mw-door-open-v3-struct_mem-20260410-191124-seed1,mw-door-open-v3-struct_mem-20260410-191124-seed1,door-open-v3,struct_mem,PI,60,0.0,200.0,238.6193723286987,2.3333333333333335,0.0,2.3333333333333335,20,1,7.973673105239868,2026-04-10T19:11:32
runs/ablation/p2_door_pi/mw-door-open-v3-struct_mem-20260410-191134-seed2,mw-door-open-v3-struct_mem-20260410-191134-seed2,door-open-v3,struct_mem,PI,60,0.0,200.0,234.1490157955748,2.15,0.0,2.15,20,1,7.817265033721924,2026-04-10T19:11:41
runs/ablation/p2_door_pi/mw-door-open-v3-text_buf-20260410-190951-seed0,mw-door-open-v3-text_buf-20260410-190951-seed0,door-open-v3,text_buf,PD,60,0.0,200.0,251.33109211101637,2.716666666666667,0.0,2.716666666666667,20,1,7.468545436859131,2026-04-10T19:09:58
runs/ablation/p2_door_pi/mw-door-open-v3-text_buf-20260410-191000-seed1,mw-door-open-v3-text_buf-20260410-191000-seed1,door-open-v3,text_buf,PD,60,0.0,200.0,231.13237193204856,2.466666666666667,0.0,2.466666666666667,20,1,7.3515496253967285,2026-04-10T19:10:07
runs/ablation/p2_door_pi/mw-door-open-v3-text_buf-20260410-191009-seed2,mw-door-open-v3-text_buf-20260410-191009-seed2,door-open-v3,text_buf,PD,60,0.0,200.0,248.4829727436518,2.8,0.0,2.8,20,1,7.342299461364746,2026-04-10T19:10:16
runs/ablation/p2_door_pi/mw-door-open-v3-text_buf-20260410-191018-seed0,mw-door-open-v3-text_buf-20260410-191018-seed0,door-open-v3,text_buf,PI,60,0.0,200.0,249.61996776087213,2.3666666666666667,0.0,2.3666666666666667,20,1,7.419933080673218,2026-04-10T19:10:25
runs/ablation/p2_door_pi/mw-door-open-v3-text_buf-20260410-191027-seed1,mw-door-open-v3-text_buf-20260410-191027-seed1,door-open-v3,text_buf,PI,60,0.0,200.0,232.9048194156277,2.2333333333333334,0.0,2.2333333333333334,20,1,7.466150522232056,2026-04-10T19:10:35
runs/ablation/p2_door_pi/mw-door-open-v3-text_buf-20260410-191036-seed2,mw-door-open-v3-text_buf-20260410-191036-seed2,door-open-v3,text_buf,PI,60,0.0,200.0,228.14877798945275,2.466666666666667,0.0,2.466666666666667,20,1,7.878981351852417,2026-04-10T19:10:44
runs/ablation/p3a_no_flash/mw-pick-place-v3-no_mem-20260410-191500-seed0,mw-pick-place-v3-no_mem-20260410-191500-seed0,pick-place-v3,no_mem,PD,60,0.0,200.0,237.31195413553937,0.0,0.0,0.0,0,0,11.727476119995117,2026-04-10T19:15:12
runs/ablation/p3a_no_flash/mw-pick-place-v3-no_mem-20260410-191514-seed1,mw-pick-place-v3-no_mem-20260410-191514-seed1,pick-place-v3,no_mem,PD,60,0.0,200.0,227.3179763616918,0.0,0.0,0.0,0,0,11.74387264251709,2026-04-10T19:15:26
runs/ablation/p3a_no_flash/mw-pick-place-v3-no_mem-20260410-191527-seed2,mw-pick-place-v3-no_mem-20260410-191527-seed2,pick-place-v3,no_mem,PD,60,0.0,200.0,241.45340788143994,0.0,0.0,0.0,0,0,11.971685409545898,2026-04-10T19:15:39
runs/ablation/p3a_no_flash/mw-pick-place-v3-struct_mem-20260410-191621-seed0,mw-pick-place-v3-struct_mem-20260410-191621-seed0,pick-place-v3,struct_mem,PD,60,0.23333333333333334,200.0,91.69253526508653,2.1333333333333333,1.0,2.1333333333333333,0,0,11.887113094329834,2026-04-10T19:16:33
runs/ablation/p3a_no_flash/mw-pick-place-v3-struct_mem-20260410-191635-seed1,mw-pick-place-v3-struct_mem-20260410-191635-seed1,pick-place-v3,struct_mem,PD,60,0.18333333333333332,200.0,73.55828905874725,2.1333333333333333,0.9833333333333333,2.1333333333333333,0,0,11.587222814559937,2026-04-10T19:16:47
runs/ablation/p3a_no_flash/mw-pick-place-v3-struct_mem-20260410-191649-seed2,mw-pick-place-v3-struct_mem-20260410-191649-seed2,pick-place-v3,struct_mem,PD,60,0.21666666666666667,200.0,88.14557814756807,2.05,1.0,2.05,0,0,12.28455901145935,2026-04-10T19:17:01
runs/ablation/p3a_no_flash/mw-pick-place-v3-text_buf-20260410-191541-seed0,mw-pick-place-v3-text_buf-20260410-191541-seed0,pick-place-v3,text_buf,PD,60,0.2,200.0,79.09340812097871,2.2666666666666666,0.95,2.2666666666666666,0,0,11.734400749206543,2026-04-10T19:15:53
runs/ablation/p3a_no_flash/mw-pick-place-v3-text_buf-20260410-191555-seed1,mw-pick-place-v3-text_buf-20260410-191555-seed1,pick-place-v3,text_buf,PD,60,0.25,200.0,68.24644239039503,2.1,0.9166666666666666,2.1,0,0,11.48825192451477,2026-04-10T19:16:06
runs/ablation/p3a_no_flash/mw-pick-place-v3-text_buf-20260410-191608-seed2,mw-pick-place-v3-text_buf-20260410-191608-seed2,pick-place-v3,text_buf,PD,60,0.11666666666666667,200.0,73.07392869515793,2.216666666666667,0.9333333333333333,2.216666666666667,0,0,11.665178060531616,2026-04-10T19:16:20
runs/ablation/p3a_no_flash/mw-push-v3-no_mem-20260410-191256-seed0,mw-push-v3-no_mem-20260410-191256-seed0,push-v3,no_mem,PD,60,0.0,200.0,128.19186234401693,0.0,0.0,0.0,0,0,11.867574453353882,2026-04-10T19:13:08
runs/ablation/p3a_no_flash/mw-push-v3-no_mem-20260410-191310-seed1,mw-push-v3-no_mem-20260410-191310-seed1,push-v3,no_mem,PD,60,0.0,200.0,113.38862726044155,0.0,0.0,0.0,0,0,12.160107374191284,2026-04-10T19:13:22
runs/ablation/p3a_no_flash/mw-push-v3-no_mem-20260410-191324-seed2,mw-push-v3-no_mem-20260410-191324-seed2,push-v3,no_mem,PD,60,0.0,200.0,131.34568545106896,0.0,0.0,0.0,0,0,11.59245491027832,2026-04-10T19:13:36
runs/ablation/p3a_no_flash/mw-push-v3-struct_mem-20260410-191419-seed0,mw-push-v3-struct_mem-20260410-191419-seed0,push-v3,struct_mem,PD,60,0.9333333333333333,200.0,1443.1630912869016,0.0,0.0,0.0,0,0,11.969426155090332,2026-04-10T19:14:31
runs/ablation/p3a_no_flash/mw-push-v3-struct_mem-20260410-191433-seed1,mw-push-v3-struct_mem-20260410-191433-seed1,push-v3,struct_mem,PD,60,0.2833333333333333,200.0,386.5043792848799,0.0,0.0,0.0,0,0,12.084434747695923,2026-04-10T19:14:45
runs/ablation/p3a_no_flash/mw-push-v3-struct_mem-20260410-191446-seed2,mw-push-v3-struct_mem-20260410-191446-seed2,push-v3,struct_mem,PD,60,0.8833333333333333,200.0,1376.658252986425,0.0,0.0,0.0,0,0,12.024368047714233,2026-04-10T19:14:59
runs/ablation/p3a_no_flash/mw-push-v3-text_buf-20260410-191337-seed0,mw-push-v3-text_buf-20260410-191337-seed0,push-v3,text_buf,PD,60,0.9333333333333333,200.0,1443.2115335401659,0.0,0.0,0.0,0,0,11.935133218765259,2026-04-10T19:13:49
runs/ablation/p3a_no_flash/mw-push-v3-text_buf-20260410-191351-seed1,mw-push-v3-text_buf-20260410-191351-seed1,push-v3,text_buf,PD,60,0.31666666666666665,200.0,388.836452182068,0.0,0.0,0.0,0,0,12.23565149307251,2026-04-10T19:14:03
runs/ablation/p3a_no_flash/mw-push-v3-text_buf-20260410-191405-seed2,mw-push-v3-text_buf-20260410-191405-seed2,push-v3,text_buf,PD,60,0.8833333333333333,200.0,1376.4345197278535,0.0,0.0,0.0,0,0,11.541170835494995,2026-04-10T19:14:17
runs/ablation/p3a_no_flash/mw-reach-v3-no_mem-20260410-191143-seed0,mw-reach-v3-no_mem-20260410-191143-seed0,reach-v3,no_mem,PD,60,0.0,200.0,302.57226903069386,0.0,0.0,0.0,0,0,6.396091461181641,2026-04-10T19:11:50
runs/ablation/p3a_no_flash/mw-reach-v3-no_mem-20260410-191151-seed1,mw-reach-v3-no_mem-20260410-191151-seed1,reach-v3,no_mem,PD,60,0.0,200.0,319.34842110322575,0.0,0.0,0.0,0,0,6.4472815990448,2026-04-10T19:11:58
runs/ablation/p3a_no_flash/mw-reach-v3-no_mem-20260410-191200-seed2,mw-reach-v3-no_mem-20260410-191200-seed2,reach-v3,no_mem,PD,60,0.0,200.0,311.2100435834747,0.0,0.0,0.0,0,0,5.998491525650024,2026-04-10T19:12:06
runs/ablation/p3a_no_flash/mw-reach-v3-struct_mem-20260410-191232-seed0,mw-reach-v3-struct_mem-20260410-191232-seed0,reach-v3,struct_mem,PD,60,0.7166666666666667,200.0,1829.4719156781614,0.0,0.0,0.0,0,0,6.557923078536987,2026-04-10T19:12:38
runs/ablation/p3a_no_flash/mw-reach-v3-struct_mem-20260410-191240-seed1,mw-reach-v3-struct_mem-20260410-191240-seed1,reach-v3,struct_mem,PD,60,0.6833333333333333,200.0,1841.8464305735265,0.0,0.0,0.0,0,0,6.3796491622924805,2026-04-10T19:12:46
runs/ablation/p3a_no_flash/mw-reach-v3-struct_mem-20260410-191248-seed2,mw-reach-v3-struct_mem-20260410-191248-seed2,reach-v3,struct_mem,PD,60,0.55,200.0,1830.87074389554,0.0,0.0,0.0,0,0,6.3617517948150635,2026-04-10T19:12:55
runs/ablation/p3a_no_flash/mw-reach-v3-text_buf-20260410-191207-seed0,mw-reach-v3-text_buf-20260410-191207-seed0,reach-v3,text_buf,PD,60,0.7166666666666667,200.0,1829.4719156781614,0.0,0.0,0.0,0,0,6.317995309829712,2026-04-10T19:12:14
runs/ablation/p3a_no_flash/mw-reach-v3-text_buf-20260410-191216-seed1,mw-reach-v3-text_buf-20260410-191216-seed1,reach-v3,text_buf,PD,60,0.6833333333333333,200.0,1841.8464305735265,0.0,0.0,0.0,0,0,6.371345043182373,2026-04-10T19:12:22
runs/ablation/p3a_no_flash/mw-reach-v3-text_buf-20260410-191224-seed2,mw-reach-v3-text_buf-20260410-191224-seed2,reach-v3,text_buf,PD,60,0.55,200.0,1830.87074389554,0.0,0.0,0.0,0,0,6.272761821746826,2026-04-10T19:12:30
runs/ablation/p3b_no_retry/mw-door-open-v3-struct_mem-20260410-191852-seed0,mw-door-open-v3-struct_mem-20260410-191852-seed0,door-open-v3,struct_mem,PD,60,0.0,200.0,312.2261618651043,0.0,0.0,0.0,20,1,7.87905478477478,2026-04-10T19:19:00
runs/ablation/p3b_no_retry/mw-door-open-v3-struct_mem-20260410-191901-seed1,mw-door-open-v3-struct_mem-20260410-191901-seed1,door-open-v3,struct_mem,PD,60,0.0,200.0,299.7522597143835,0.0,0.0,0.0,20,1,7.928434133529663,2026-04-10T19:19:09
runs/ablation/p3b_no_retry/mw-door-open-v3-struct_mem-20260410-191911-seed2,mw-door-open-v3-struct_mem-20260410-191911-seed2,door-open-v3,struct_mem,PD,60,0.0,200.0,321.16253839837094,0.0,0.0,0.0,20,1,7.947725772857666,2026-04-10T19:19:19
runs/ablation/p3b_no_retry/mw-door-open-v3-text_buf-20260410-191823-seed0,mw-door-open-v3-text_buf-20260410-191823-seed0,door-open-v3,text_buf,PD,60,0.0,200.0,305.24256167308306,0.0,0.0,0.0,20,1,8.029126644134521,2026-04-10T19:18:31
runs/ablation/p3b_no_retry/mw-door-open-v3-text_buf-20260410-191832-seed1,mw-door-open-v3-text_buf-20260410-191832-seed1,door-open-v3,text_buf,PD,60,0.0,200.0,302.7298252875875,0.0,0.0,0.0,20,1,7.975207567214966,2026-04-10T19:18:40
runs/ablation/p3b_no_retry/mw-door-open-v3-text_buf-20260410-191842-seed2,mw-door-open-v3-text_buf-20260410-191842-seed2,door-open-v3,text_buf,PD,60,0.0,200.0,321.93349888335166,0.0,0.0,0.0,20,1,7.872652053833008,2026-04-10T19:18:50
runs/ablation/p3b_no_retry/mw-pick-place-v3-struct_mem-20260410-191743-seed0,mw-pick-place-v3-struct_mem-20260410-191743-seed0,pick-place-v3,struct_mem,PD,60,0.6166666666666667,200.0,121.44783224485857,0.0,0.9833333333333333,0.0,20,1,11.737924814224243,2026-04-10T19:17:54
runs/ablation/p3b_no_retry/mw-pick-place-v3-struct_mem-20260410-191756-seed1,mw-pick-place-v3-struct_mem-20260410-191756-seed1,pick-place-v3,struct_mem,PD,60,0.7,200.0,95.39488046379275,0.0,0.9666666666666667,0.0,20,1,11.298677444458008,2026-04-10T19:18:08
runs/ablation/p3b_no_retry/mw-pick-place-v3-struct_mem-20260410-191809-seed2,mw-pick-place-v3-struct_mem-20260410-191809-seed2,pick-place-v3,struct_mem,PD,60,0.8333333333333334,200.0,136.84221790260634,0.0,1.0,0.0,20,1,11.646362066268921,2026-04-10T19:18:21
runs/ablation/p3b_no_retry/mw-pick-place-v3-text_buf-20260410-191703-seed0,mw-pick-place-v3-text_buf-20260410-191703-seed0,pick-place-v3,text_buf,PD,60,0.6166666666666667,200.0,121.80301293120193,0.0,0.9833333333333333,0.0,20,1,11.263917922973633,2026-04-10T19:17:14
runs/ablation/p3b_no_retry/mw-pick-place-v3-text_buf-20260410-191716-seed1,mw-pick-place-v3-text_buf-20260410-191716-seed1,pick-place-v3,text_buf,PD,60,0.7,200.0,95.58495148309134,0.0,0.9833333333333333,0.0,20,1,11.463658094406128,2026-04-10T19:17:27
runs/ablation/p3b_no_retry/mw-pick-place-v3-text_buf-20260410-191729-seed2,mw-pick-place-v3-text_buf-20260410-191729-seed2,pick-place-v3,text_buf,PD,60,0.8333333333333334,200.0,136.82057011615368,0.0,1.0,0.0,20,1,12.09111475944519,2026-04-10T19:17:41
runs/ablation/p3c_no_perturb/mw-door-open-v3-struct_mem-20260410-192001-seed0,mw-door-open-v3-struct_mem-20260410-192001-seed0,door-open-v3,struct_mem,PD,60,0.0,200.0,249.27202569729977,2.683333333333333,0.0,2.683333333333333,20,1,7.71133828163147,2026-04-10T19:20:09
runs/ablation/p3c_no_perturb/mw-door-open-v3-struct_mem-20260410-192011-seed1,mw-door-open-v3-struct_mem-20260410-192011-seed1,door-open-v3,struct_mem,PD,60,0.0,200.0,229.47111441660022,2.4833333333333334,0.0,2.4833333333333334,20,1,7.806888818740845,2026-04-10T19:20:19
runs/ablation/p3c_no_perturb/mw-door-open-v3-struct_mem-20260410-192021-seed2,mw-door-open-v3-struct_mem-20260410-192021-seed2,door-open-v3,struct_mem,PD,60,0.0,200.0,252.97211540350816,2.816666666666667,0.0,2.816666666666667,20,1,7.782193660736084,2026-04-10T19:20:28
runs/ablation/p3c_no_perturb/mw-pick-place-v3-struct_mem-20260410-191921-seed0,mw-pick-place-v3-struct_mem-20260410-191921-seed0,pick-place-v3,struct_mem,PD,60,0.2,200.0,80.46702329780753,2.25,0.9666666666666667,2.25,20,1,11.894047260284424,2026-04-10T19:19:33
runs/ablation/p3c_no_perturb/mw-pick-place-v3-struct_mem-20260410-191934-seed1,mw-pick-place-v3-struct_mem-20260410-191934-seed1,pick-place-v3,struct_mem,PD,60,0.25,200.0,68.6265625874556,2.1,1.0,2.1,20,1,11.644928455352783,2026-04-10T19:19:46
runs/ablation/p3c_no_perturb/mw-pick-place-v3-struct_mem-20260410-191948-seed2,mw-pick-place-v3-struct_mem-20260410-191948-seed2,pick-place-v3,struct_mem,PD,60,0.16666666666666666,200.0,75.72334585576466,2.1666666666666665,1.0,2.1666666666666665,20,1,11.799899339675903,2026-04-10T19:20:00
runs/batch/full_observable/mw-pick-place-v3-no_mem-20260410-195454-seed0,mw-pick-place-v3-no_mem-20260410-195454-seed0,pick-place-v3,no_mem,PD,60,0.6666666666666666,200.0,117.92578425130763,0.0,0.0,0.0,20,1,10.654280185699463,2026-04-10T19:55:05
runs/batch/full_observable/mw-pick-place-v3-no_mem-20260410-195507-seed1,mw-pick-place-v3-no_mem-20260410-195507-seed1,pick-place-v3,no_mem,PD,60,0.6666666666666666,200.0,92.5923045493346,0.0,0.0,0.0,20,1,10.872596025466919,2026-04-10T19:55:18
runs/batch/full_observable/mw-pick-place-v3-no_mem-20260410-195520-seed2,mw-pick-place-v3-no_mem-20260410-195520-seed2,pick-place-v3,no_mem,PD,60,0.8166666666666667,200.0,129.14389495396594,0.0,0.0,0.0,20,1,10.77870225906372,2026-04-10T19:55:31
runs/batch/full_observable/mw-pick-place-v3-struct_mem-20260410-195613-seed0,mw-pick-place-v3-struct_mem-20260410-195613-seed0,pick-place-v3,struct_mem,PD,60,0.6666666666666666,200.0,117.92578425130763,0.0,0.9833333333333333,0.0,20,1,11.547614812850952,2026-04-10T19:56:24
runs/batch/full_observable/mw-pick-place-v3-struct_mem-20260410-195626-seed1,mw-pick-place-v3-struct_mem-20260410-195626-seed1,pick-place-v3,struct_mem,PD,60,0.6666666666666666,200.0,92.5923045493346,0.0,0.9666666666666667,0.0,20,1,11.499587059020996,2026-04-10T19:56:38
runs/batch/full_observable/mw-pick-place-v3-struct_mem-20260410-195639-seed2,mw-pick-place-v3-struct_mem-20260410-195639-seed2,pick-place-v3,struct_mem,PD,60,0.8166666666666667,200.0,129.14389495396594,0.0,1.0,0.0,20,1,12.322651863098145,2026-04-10T19:56:52
runs/batch/full_observable/mw-pick-place-v3-text_buf-20260410-195533-seed0,mw-pick-place-v3-text_buf-20260410-195533-seed0,pick-place-v3,text_buf,PD,60,0.6666666666666666,200.0,117.47344410982195,0.0,0.9833333333333333,0.0,20,1,11.527456998825073,2026-04-10T19:55:44
runs/batch/full_observable/mw-pick-place-v3-text_buf-20260410-195546-seed1,mw-pick-place-v3-text_buf-20260410-195546-seed1,pick-place-v3,text_buf,PD,60,0.6666666666666666,200.0,92.56863094008227,0.0,0.9833333333333333,0.0,20,1,11.405644178390503,2026-04-10T19:55:57
runs/batch/full_observable/mw-pick-place-v3-text_buf-20260410-195559-seed2,mw-pick-place-v3-text_buf-20260410-195559-seed2,pick-place-v3,text_buf,PD,60,0.8166666666666667,200.0,129.12323313726958,0.0,1.0,0.0,20,1,11.547287702560425,2026-04-10T19:56:11
runs/batch/full_observable/mw-push-v3-no_mem-20260410-195253-seed0,mw-push-v3-no_mem-20260410-195253-seed0,push-v3,no_mem,PD,60,0.9166666666666666,200.0,1428.6331752014562,0.0,0.0,0.0,20,1,11.148539066314697,2026-04-10T19:53:04
runs/batch/full_observable/mw-push-v3-no_mem-20260410-195306-seed1,mw-push-v3-no_mem-20260410-195306-seed1,push-v3,no_mem,PD,60,0.3333333333333333,200.0,436.5346679643979,0.0,0.0,0.0,20,1,11.382745265960693,2026-04-10T19:53:18
runs/batch/full_observable/mw-push-v3-no_mem-20260410-195319-seed2,mw-push-v3-no_mem-20260410-195319-seed2,push-v3,no_mem,PD,60,0.9666666666666667,200.0,1476.5787960058587,0.0,0.0,0.0,20,1,10.926009893417358,2026-04-10T19:53:30
runs/batch/full_observable/mw-push-v3-struct_mem-20260410-195413-seed0,mw-push-v3-struct_mem-20260410-195413-seed0,push-v3,struct_mem,PD,60,0.9166666666666666,200.0,1428.6331752014562,0.0,0.0,0.0,20,1,11.769937515258789,2026-04-10T19:54:25
runs/batch/full_observable/mw-push-v3-struct_mem-20260410-195427-seed1,mw-push-v3-struct_mem-20260410-195427-seed1,push-v3,struct_mem,PD,60,0.3333333333333333,200.0,436.5346679643979,0.0,0.0,0.0,20,1,11.992016792297363,2026-04-10T19:54:39
runs/batch/full_observable/mw-push-v3-struct_mem-20260410-195441-seed2,mw-push-v3-struct_mem-20260410-195441-seed2,push-v3,struct_mem,PD,60,0.9666666666666667,200.0,1476.5787960058587,0.0,0.0,0.0,20,1,11.423028945922852,2026-04-10T19:54:52
runs/batch/full_observable/mw-push-v3-text_buf-20260410-195332-seed0,mw-push-v3-text_buf-20260410-195332-seed0,push-v3,text_buf,PD,60,0.9166666666666666,200.0,1428.6339289352259,0.0,0.0,0.0,20,1,12.183980941772461,2026-04-10T19:53:44
runs/batch/full_observable/mw-push-v3-text_buf-20260410-195346-seed1,mw-push-v3-text_buf-20260410-195346-seed1,push-v3,text_buf,PD,60,0.3333333333333333,200.0,435.5819973123203,0.0,0.0,0.0,20,1,11.838403463363647,2026-04-10T19:53:58
runs/batch/full_observable/mw-push-v3-text_buf-20260410-195400-seed2,mw-push-v3-text_buf-20260410-195400-seed2,push-v3,text_buf,PD,60,0.9666666666666667,200.0,1476.5787960058587,0.0,0.0,0.0,20,1,11.249854803085327,2026-04-10T19:54:11
runs/batch/full_observable/mw-reach-v3-no_mem-20260410-195139-seed0,mw-reach-v3-no_mem-20260410-195139-seed0,reach-v3,no_mem,PD,60,0.7833333333333333,200.0,1834.6505613918287,0.0,0.0,0.0,20,1,6.135475158691406,2026-04-10T19:51:45
runs/batch/full_observable/mw-reach-v3-no_mem-20260410-195147-seed1,mw-reach-v3-no_mem-20260410-195147-seed1,reach-v3,no_mem,PD,60,0.8,200.0,1858.5768295037547,0.0,0.0,0.0,20,1,6.216187477111816,2026-04-10T19:51:53
runs/batch/full_observable/mw-reach-v3-no_mem-20260410-195155-seed2,mw-reach-v3-no_mem-20260410-195155-seed2,reach-v3,no_mem,PD,60,0.8166666666666667,200.0,1843.2453977338002,0.0,0.0,0.0,20,1,6.171698570251465,2026-04-10T19:52:01
runs/batch/full_observable/mw-reach-v3-struct_mem-20260410-195228-seed0,mw-reach-v3-struct_mem-20260410-195228-seed0,reach-v3,struct_mem,PD,60,0.7833333333333333,200.0,1834.6505613918287,0.0,0.0,0.0,20,1,6.631101131439209,2026-04-10T19:52:35
runs/batch/full_observable/mw-reach-v3-struct_mem-20260410-195236-seed1,mw-reach-v3-struct_mem-20260410-195236-seed1,reach-v3,struct_mem,PD,60,0.8,200.0,1858.5768295037547,0.0,0.0,0.0,20,1,6.621137380599976,2026-04-10T19:52:43
runs/batch/full_observable/mw-reach-v3-struct_mem-20260410-195245-seed2,mw-reach-v3-struct_mem-20260410-195245-seed2,reach-v3,struct_mem,PD,60,0.8166666666666667,200.0,1843.2453977338002,0.0,0.0,0.0,20,1,6.71530294418335,2026-04-10T19:52:51
runs/batch/full_observable/mw-reach-v3-text_buf-20260410-195203-seed0,mw-reach-v3-text_buf-20260410-195203-seed0,reach-v3,text_buf,PD,60,0.7833333333333333,200.0,1834.6505613918287,0.0,0.0,0.0,20,1,6.678362846374512,2026-04-10T19:52:10
runs/batch/full_observable/mw-reach-v3-text_buf-20260410-195211-seed1,mw-reach-v3-text_buf-20260410-195211-seed1,reach-v3,text_buf,PD,60,0.8,200.0,1858.5768295037547,0.0,0.0,0.0,20,1,6.479443788528442,2026-04-10T19:52:18
runs/batch/full_observable/mw-reach-v3-text_buf-20260410-195220-seed2,mw-reach-v3-text_buf-20260410-195220-seed2,reach-v3,text_buf,PD,60,0.8166666666666667,200.0,1843.2453977338002,0.0,0.0,0.0,20,1,6.499760389328003,2026-04-10T19:52:26
runs/batch/mw-batch-20260410-171844/mw-basketball-v3-no_mem-20260410-175221-seed0,mw-basketball-v3-no_mem-20260410-175221-seed0,basketball-v3,no_mem,PD,100,0.15,200.0,136.90611784098076,0,0,0,0,0,9.377860069274902,2026-04-10T17:52:30
runs/batch/mw-batch-20260410-171844/mw-basketball-v3-no_mem-20260410-175231-seed1,mw-basketball-v3-no_mem-20260410-175231-seed1,basketball-v3,no_mem,PD,100,0.15,200.0,95.61180074069176,0,0,0,0,0,9.125535488128662,2026-04-10T17:52:40
runs/batch/mw-batch-20260410-171844/mw-basketball-v3-no_mem-20260410-175242-seed2,mw-basketball-v3-no_mem-20260410-175242-seed2,basketball-v3,no_mem,PD,100,0.08,200.0,74.41414767308699,0,0,0,0,0,9.245728015899658,2026-04-10T17:52:51
runs/batch/mw-batch-20260410-171844/mw-basketball-v3-no_mem-20260410-175253-seed3,mw-basketball-v3-no_mem-20260410-175253-seed3,basketball-v3,no_mem,PD,100,0.04,200.0,34.372679677186454,0,0,0,0,0,8.99958872795105,2026-04-10T17:53:02
runs/batch/mw-batch-20260410-171844/mw-basketball-v3-no_mem-20260410-175303-seed4,mw-basketball-v3-no_mem-20260410-175303-seed4,basketball-v3,no_mem,PD,100,0.06,200.0,58.19301338783671,0,0,0,0,0,9.12812328338623,2026-04-10T17:53:12
runs/batch/mw-batch-20260410-171844/mw-basketball-v3-struct_mem-20260410-175409-seed0,mw-basketball-v3-struct_mem-20260410-175409-seed0,basketball-v3,struct_mem,PD,100,0.13,200.0,130.22816035091307,0,0,0,0,0,10.308911085128784,2026-04-10T17:54:19
runs/batch/mw-batch-20260410-171844/mw-basketball-v3-struct_mem-20260410-175421-seed1,mw-basketball-v3-struct_mem-20260410-175421-seed1,basketball-v3,struct_mem,PD,100,0.14,200.0,97.40434663176298,0,0,0,0,0,10.24097752571106,2026-04-10T17:54:31
runs/batch/mw-batch-20260410-171844/mw-basketball-v3-struct_mem-20260410-175433-seed2,mw-basketball-v3-struct_mem-20260410-175433-seed2,basketball-v3,struct_mem,PD,100,0.07,200.0,72.02337424650152,0,0,0,0,0,9.987601518630981,2026-04-10T17:54:43
runs/batch/mw-batch-20260410-171844/mw-basketball-v3-struct_mem-20260410-175444-seed3,mw-basketball-v3-struct_mem-20260410-175444-seed3,basketball-v3,struct_mem,PD,100,0.04,200.0,41.04858061191956,0,0,0,0,0,10.274224281311035,2026-04-10T17:54:54
runs/batch/mw-batch-20260410-171844/mw-basketball-v3-struct_mem-20260410-175456-seed4,mw-basketball-v3-struct_mem-20260410-175456-seed4,basketball-v3,struct_mem,PD,100,0.06,200.0,52.24288385372964,0,0,0,0,0,9.799530982971191,2026-04-10T17:55:06
runs/batch/mw-batch-20260410-171844/mw-basketball-v3-text_buf-20260410-175314-seed0,mw-basketball-v3-text_buf-20260410-175314-seed0,basketball-v3,text_buf,PD,100,0.15,200.0,136.82088365006584,0,0,0,0,0,9.663530349731445,2026-04-10T17:53:24
runs/batch/mw-batch-20260410-171844/mw-basketball-v3-text_buf-20260410-175325-seed1,mw-basketball-v3-text_buf-20260410-175325-seed1,basketball-v3,text_buf,PD,100,0.15,200.0,95.77585224988415,0,0,0,0,0,9.510530471801758,2026-04-10T17:53:35
runs/batch/mw-batch-20260410-171844/mw-basketball-v3-text_buf-20260410-175336-seed2,mw-basketball-v3-text_buf-20260410-175336-seed2,basketball-v3,text_buf,PD,100,0.08,200.0,74.4794802825512,0,0,0,0,0,9.623753309249878,2026-04-10T17:53:46
runs/batch/mw-batch-20260410-171844/mw-basketball-v3-text_buf-20260410-175347-seed3,mw-basketball-v3-text_buf-20260410-175347-seed3,basketball-v3,text_buf,PD,100,0.04,200.0,34.586936213563625,0,0,0,0,0,9.622195720672607,2026-04-10T17:53:57
runs/batch/mw-batch-20260410-171844/mw-basketball-v3-text_buf-20260410-175358-seed4,mw-basketball-v3-text_buf-20260410-175358-seed4,basketball-v3,text_buf,PD,100,0.06,200.0,58.29737289767184,0,0,0,0,0,9.339627027511597,2026-04-10T17:54:08
runs/batch/mw-batch-20260410-171844/mw-button-press-topdown-v3-no_mem-20260410-174213-seed0,mw-button-press-topdown-v3-no_mem-20260410-174213-seed0,button-press-topdown-v3,no_mem,PD,100,0.0,200.0,518.0785396072511,0,0,0,0,0,7.514333248138428,2026-04-10T17:42:21
runs/batch/mw-batch-20260410-171844/mw-button-press-topdown-v3-no_mem-20260410-174222-seed1,mw-button-press-topdown-v3-no_mem-20260410-174222-seed1,button-press-topdown-v3,no_mem,PD,100,0.01,200.0,523.9208729707692,0,0,0,0,0,7.68744683265686,2026-04-10T17:42:30
runs/batch/mw-batch-20260410-171844/mw-button-press-topdown-v3-no_mem-20260410-174231-seed2,mw-button-press-topdown-v3-no_mem-20260410-174231-seed2,button-press-topdown-v3,no_mem,PD,100,0.0,200.0,509.13978726659167,0,0,0,0,0,7.725212335586548,2026-04-10T17:42:39
runs/batch/mw-batch-20260410-171844/mw-button-press-topdown-v3-no_mem-20260410-174241-seed3,mw-button-press-topdown-v3-no_mem-20260410-174241-seed3,button-press-topdown-v3,no_mem,PD,100,0.0,200.0,482.131918999336,0,0,0,0,0,7.510802984237671,2026-04-10T17:42:48
runs/batch/mw-batch-20260410-171844/mw-button-press-topdown-v3-no_mem-20260410-174250-seed4,mw-button-press-topdown-v3-no_mem-20260410-174250-seed4,button-press-topdown-v3,no_mem,PD,100,0.0,200.0,526.6645068605728,0,0,0,0,0,7.49884033203125,2026-04-10T17:42:57
runs/batch/mw-batch-20260410-171844/mw-button-press-topdown-v3-struct_mem-20260410-174344-seed0,mw-button-press-topdown-v3-struct_mem-20260410-174344-seed0,button-press-topdown-v3,struct_mem,PD,100,0.0,200.0,518.0785396072511,0,0,0,0,0,8.068776607513428,2026-04-10T17:43:52
runs/batch/mw-batch-20260410-171844/mw-button-press-topdown-v3-struct_mem-20260410-174354-seed1,mw-button-press-topdown-v3-struct_mem-20260410-174354-seed1,button-press-topdown-v3,struct_mem,PD,100,0.01,200.0,523.9208729707692,0,0,0,0,0,7.788160085678101,2026-04-10T17:44:01
runs/batch/mw-batch-20260410-171844/mw-button-press-topdown-v3-struct_mem-20260410-174403-seed2,mw-button-press-topdown-v3-struct_mem-20260410-174403-seed2,button-press-topdown-v3,struct_mem,PD,100,0.0,200.0,509.13978726659167,0,0,0,0,0,8.002322435379028,2026-04-10T17:44:11
runs/batch/mw-batch-20260410-171844/mw-button-press-topdown-v3-struct_mem-20260410-174412-seed3,mw-button-press-topdown-v3-struct_mem-20260410-174412-seed3,button-press-topdown-v3,struct_mem,PD,100,0.0,200.0,482.131918999336,0,0,0,0,0,7.7451136112213135,2026-04-10T17:44:20
runs/batch/mw-batch-20260410-171844/mw-button-press-topdown-v3-struct_mem-20260410-174421-seed4,mw-button-press-topdown-v3-struct_mem-20260410-174421-seed4,button-press-topdown-v3,struct_mem,PD,100,0.0,200.0,526.6645068605728,0,0,0,0,0,7.655802488327026,2026-04-10T17:44:29
runs/batch/mw-batch-20260410-171844/mw-button-press-topdown-v3-text_buf-20260410-174259-seed0,mw-button-press-topdown-v3-text_buf-20260410-174259-seed0,button-press-topdown-v3,text_buf,PD,100,0.0,200.0,518.0785396072511,0,0,0,0,0,8.349417448043823,2026-04-10T17:43:07
runs/batch/mw-batch-20260410-171844/mw-button-press-topdown-v3-text_buf-20260410-174308-seed1,mw-button-press-topdown-v3-text_buf-20260410-174308-seed1,button-press-topdown-v3,text_buf,PD,100,0.01,200.0,523.9208729707692,0,0,0,0,0,7.7508039474487305,2026-04-10T17:43:16
runs/batch/mw-batch-20260410-171844/mw-button-press-topdown-v3-text_buf-20260410-174317-seed2,mw-button-press-topdown-v3-text_buf-20260410-174317-seed2,button-press-topdown-v3,text_buf,PD,100,0.0,200.0,509.13978726659167,0,0,0,0,0,7.788923025131226,2026-04-10T17:43:25
runs/batch/mw-batch-20260410-171844/mw-button-press-topdown-v3-text_buf-20260410-174326-seed3,mw-button-press-topdown-v3-text_buf-20260410-174326-seed3,button-press-topdown-v3,text_buf,PD,100,0.0,200.0,482.131918999336,0,0,0,0,0,7.620133399963379,2026-04-10T17:43:34
runs/batch/mw-batch-20260410-171844/mw-button-press-topdown-v3-text_buf-20260410-174335-seed4,mw-button-press-topdown-v3-text_buf-20260410-174335-seed4,button-press-topdown-v3,text_buf,PD,100,0.0,200.0,526.6645068605728,0,0,0,0,0,7.475719451904297,2026-04-10T17:43:43
runs/batch/mw-batch-20260410-171844/mw-door-open-v3-no_mem-20260410-173849-seed0,mw-door-open-v3-no_mem-20260410-173849-seed0,door-open-v3,no_mem,PD,100,0.0,200.0,267.19861167469867,0,0,0,0,0,11.796587944030762,2026-04-10T17:39:01
runs/batch/mw-batch-20260410-171844/mw-door-open-v3-no_mem-20260410-173902-seed1,mw-door-open-v3-no_mem-20260410-173902-seed1,door-open-v3,no_mem,PD,100,0.0,200.0,274.55115228958635,0,0,0,0,0,12.317591428756714,2026-04-10T17:39:15
runs/batch/mw-batch-20260410-171844/mw-door-open-v3-no_mem-20260410-173916-seed2,mw-door-open-v3-no_mem-20260410-173916-seed2,door-open-v3,no_mem,PD,100,0.0,200.0,260.26800772773606,0,0,0,0,0,11.76522183418274,2026-04-10T17:39:28
runs/batch/mw-batch-20260410-171844/mw-door-open-v3-no_mem-20260410-173929-seed3,mw-door-open-v3-no_mem-20260410-173929-seed3,door-open-v3,no_mem,PD,100,0.0,200.0,255.94550002111862,0,0,0,0,0,12.29633116722107,2026-04-10T17:39:42
runs/batch/mw-batch-20260410-171844/mw-door-open-v3-no_mem-20260410-173943-seed4,mw-door-open-v3-no_mem-20260410-173943-seed4,door-open-v3,no_mem,PD,100,0.0,200.0,256.43230509221297,0,0,0,0,0,12.234115839004517,2026-04-10T17:39:55
runs/batch/mw-batch-20260410-171844/mw-door-open-v3-struct_mem-20260410-174105-seed0,mw-door-open-v3-struct_mem-20260410-174105-seed0,door-open-v3,struct_mem,PD,100,0.0,200.0,267.19861167469867,0,0,0,0,0,12.011262893676758,2026-04-10T17:41:17
runs/batch/mw-batch-20260410-171844/mw-door-open-v3-struct_mem-20260410-174118-seed1,mw-door-open-v3-struct_mem-20260410-174118-seed1,door-open-v3,struct_mem,PD,100,0.0,200.0,274.55115228958635,0,0,0,0,0,12.096060991287231,2026-04-10T17:41:30
runs/batch/mw-batch-20260410-171844/mw-door-open-v3-struct_mem-20260410-174132-seed2,mw-door-open-v3-struct_mem-20260410-174132-seed2,door-open-v3,struct_mem,PD,100,0.0,200.0,260.26800772773606,0,0,0,0,0,11.972503423690796,2026-04-10T17:41:44
runs/batch/mw-batch-20260410-171844/mw-door-open-v3-struct_mem-20260410-174145-seed3,mw-door-open-v3-struct_mem-20260410-174145-seed3,door-open-v3,struct_mem,PD,100,0.0,200.0,255.94550002111862,0,0,0,0,0,12.673444509506226,2026-04-10T17:41:58
runs/batch/mw-batch-20260410-171844/mw-door-open-v3-struct_mem-20260410-174159-seed4,mw-door-open-v3-struct_mem-20260410-174159-seed4,door-open-v3,struct_mem,PD,100,0.0,200.0,256.43230509221297,0,0,0,0,0,12.821423530578613,2026-04-10T17:42:12
runs/batch/mw-batch-20260410-171844/mw-door-open-v3-text_buf-20260410-173957-seed0,mw-door-open-v3-text_buf-20260410-173957-seed0,door-open-v3,text_buf,PD,100,0.0,200.0,267.19861167469867,0,0,0,0,0,11.928236484527588,2026-04-10T17:40:09
runs/batch/mw-batch-20260410-171844/mw-door-open-v3-text_buf-20260410-174010-seed1,mw-door-open-v3-text_buf-20260410-174010-seed1,door-open-v3,text_buf,PD,100,0.0,200.0,274.55115228958635,0,0,0,0,0,12.22852349281311,2026-04-10T17:40:22
runs/batch/mw-batch-20260410-171844/mw-door-open-v3-text_buf-20260410-174024-seed2,mw-door-open-v3-text_buf-20260410-174024-seed2,door-open-v3,text_buf,PD,100,0.0,200.0,260.26845546628886,0,0,0,0,0,11.92462968826294,2026-04-10T17:40:36
runs/batch/mw-batch-20260410-171844/mw-door-open-v3-text_buf-20260410-174037-seed3,mw-door-open-v3-text_buf-20260410-174037-seed3,door-open-v3,text_buf,PD,100,0.0,200.0,255.94556655190053,0,0,0,0,0,12.515676021575928,2026-04-10T17:40:50
runs/batch/mw-batch-20260410-171844/mw-door-open-v3-text_buf-20260410-174051-seed4,mw-door-open-v3-text_buf-20260410-174051-seed4,door-open-v3,text_buf,PD,100,0.0,200.0,256.43230509221297,0,0,0,0,0,12.254562616348267,2026-04-10T17:41:03
runs/batch/mw-batch-20260410-171844/mw-drawer-open-v3-no_mem-20260410-173208-seed0,mw-drawer-open-v3-no_mem-20260410-173208-seed0,drawer-open-v3,no_mem,PD,100,0.0,200.0,418.14378072093245,0,0,0,0,0,7.185207843780518,2026-04-10T17:32:15
runs/batch/mw-batch-20260410-171844/mw-drawer-open-v3-no_mem-20260410-173217-seed1,mw-drawer-open-v3-no_mem-20260410-173217-seed1,drawer-open-v3,no_mem,PD,100,0.0,200.0,430.54515950086994,0,0,0,0,0,7.5290303230285645,2026-04-10T17:32:24
runs/batch/mw-batch-20260410-171844/mw-drawer-open-v3-no_mem-20260410-173226-seed2,mw-drawer-open-v3-no_mem-20260410-173226-seed2,drawer-open-v3,no_mem,PD,100,0.0,200.0,410.38317450788503,0,0,0,0,0,7.74333381652832,2026-04-10T17:32:33
runs/batch/mw-batch-20260410-171844/mw-drawer-open-v3-no_mem-20260410-173235-seed3,mw-drawer-open-v3-no_mem-20260410-173235-seed3,drawer-open-v3,no_mem,PD,100,0.0,200.0,417.80356647417034,0,0,0,0,0,7.359681844711304,2026-04-10T17:32:42
runs/batch/mw-batch-20260410-171844/mw-drawer-open-v3-no_mem-20260410-173244-seed4,mw-drawer-open-v3-no_mem-20260410-173244-seed4,drawer-open-v3,no_mem,PD,100,0.0,200.0,419.5738621796773,0,0,0,0,0,7.743236780166626,2026-04-10T17:32:51
runs/batch/mw-batch-20260410-171844/mw-drawer-open-v3-struct_mem-20260410-173339-seed0,mw-drawer-open-v3-struct_mem-20260410-173339-seed0,drawer-open-v3,struct_mem,PD,100,0.0,200.0,418.14378072093245,0,0,0,0,0,7.7625908851623535,2026-04-10T17:33:47
runs/batch/mw-batch-20260410-171844/mw-drawer-open-v3-struct_mem-20260410-173348-seed1,mw-drawer-open-v3-struct_mem-20260410-173348-seed1,drawer-open-v3,struct_mem,PD,100,0.0,200.0,430.54515950086994,0,0,0,0,0,7.687939405441284,2026-04-10T17:33:56
runs/batch/mw-batch-20260410-171844/mw-drawer-open-v3-struct_mem-20260410-173358-seed2,mw-drawer-open-v3-struct_mem-20260410-173358-seed2,drawer-open-v3,struct_mem,PD,100,0.0,200.0,410.38317450788503,0,0,0,0,0,7.864018201828003,2026-04-10T17:34:05
runs/batch/mw-batch-20260410-171844/mw-drawer-open-v3-struct_mem-20260410-173407-seed3,mw-drawer-open-v3-struct_mem-20260410-173407-seed3,drawer-open-v3,struct_mem,PD,100,0.0,200.0,417.80356647417034,0,0,0,0,0,7.738407611846924,2026-04-10T17:34:15
runs/batch/mw-batch-20260410-171844/mw-drawer-open-v3-struct_mem-20260410-173416-seed4,mw-drawer-open-v3-struct_mem-20260410-173416-seed4,drawer-open-v3,struct_mem,PD,100,0.0,200.0,419.5738621796773,0,0,0,0,0,7.987251043319702,2026-04-10T17:34:24
runs/batch/mw-batch-20260410-171844/mw-drawer-open-v3-text_buf-20260410-173253-seed0,mw-drawer-open-v3-text_buf-20260410-173253-seed0,drawer-open-v3,text_buf,PD,100,0.0,200.0,418.2816366377038,0,0,0,0,0,7.77898097038269,2026-04-10T17:33:01
runs/batch/mw-batch-20260410-171844/mw-drawer-open-v3-text_buf-20260410-173302-seed1,mw-drawer-open-v3-text_buf-20260410-173302-seed1,drawer-open-v3,text_buf,PD,100,0.0,200.0,430.60246715110276,0,0,0,0,0,8.06968069076538,2026-04-10T17:33:10
runs/batch/mw-batch-20260410-171844/mw-drawer-open-v3-text_buf-20260410-173312-seed2,mw-drawer-open-v3-text_buf-20260410-173312-seed2,drawer-open-v3,text_buf,PD,100,0.0,200.0,410.3913888959553,0,0,0,0,0,7.927556753158569,2026-04-10T17:33:20
runs/batch/mw-batch-20260410-171844/mw-drawer-open-v3-text_buf-20260410-173321-seed3,mw-drawer-open-v3-text_buf-20260410-173321-seed3,drawer-open-v3,text_buf,PD,100,0.0,200.0,417.8779187740705,0,0,0,0,0,7.653432130813599,2026-04-10T17:33:29
runs/batch/mw-batch-20260410-171844/mw-drawer-open-v3-text_buf-20260410-173330-seed4,mw-drawer-open-v3-text_buf-20260410-173330-seed4,drawer-open-v3,text_buf,PD,100,0.0,200.0,419.69118467377587,0,0,0,0,0,7.740515232086182,2026-04-10T17:33:38
runs/batch/mw-batch-20260410-171844/mw-faucet-open-v3-no_mem-20260410-174430-seed0,mw-faucet-open-v3-no_mem-20260410-174430-seed0,faucet-open-v3,no_mem,PD,100,0.0,200.0,685.1524854006824,0,0,0,0,0,7.7515153884887695,2026-04-10T17:44:38
runs/batch/mw-batch-20260410-171844/mw-faucet-open-v3-no_mem-20260410-174439-seed1,mw-faucet-open-v3-no_mem-20260410-174439-seed1,faucet-open-v3,no_mem,PD,100,0.0,200.0,652.8743356427553,0,0,0,0,0,7.8317084312438965,2026-04-10T17:44:47
runs/batch/mw-batch-20260410-171844/mw-faucet-open-v3-no_mem-20260410-174448-seed2,mw-faucet-open-v3-no_mem-20260410-174448-seed2,faucet-open-v3,no_mem,PD,100,0.0,200.0,685.6941250391916,0,0,0,0,0,7.433098793029785,2026-04-10T17:44:56
runs/batch/mw-batch-20260410-171844/mw-faucet-open-v3-no_mem-20260410-174457-seed3,mw-faucet-open-v3-no_mem-20260410-174457-seed3,faucet-open-v3,no_mem,PD,100,0.0,200.0,698.584934171718,0,0,0,0,0,7.8080079555511475,2026-04-10T17:45:05
runs/batch/mw-batch-20260410-171844/mw-faucet-open-v3-no_mem-20260410-174506-seed4,mw-faucet-open-v3-no_mem-20260410-174506-seed4,faucet-open-v3,no_mem,PD,100,0.0,200.0,712.5751082774041,0,0,0,0,0,7.923849821090698,2026-04-10T17:45:14
runs/batch/mw-batch-20260410-171844/mw-faucet-open-v3-struct_mem-20260410-174605-seed0,mw-faucet-open-v3-struct_mem-20260410-174605-seed0,faucet-open-v3,struct_mem,PD,100,0.0,200.0,685.1524854006824,0,0,0,0,0,8.339225769042969,2026-04-10T17:46:13
runs/batch/mw-batch-20260410-171844/mw-faucet-open-v3-struct_mem-20260410-174614-seed1,mw-faucet-open-v3-struct_mem-20260410-174614-seed1,faucet-open-v3,struct_mem,PD,100,0.0,200.0,652.8743356427553,0,0,0,0,0,8.230693101882935,2026-04-10T17:46:22
runs/batch/mw-batch-20260410-171844/mw-faucet-open-v3-struct_mem-20260410-174624-seed2,mw-faucet-open-v3-struct_mem-20260410-174624-seed2,faucet-open-v3,struct_mem,PD,100,0.0,200.0,685.6941250391916,0,0,0,0,0,8.22214651107788,2026-04-10T17:46:32
runs/batch/mw-batch-20260410-171844/mw-faucet-open-v3-struct_mem-20260410-174633-seed3,mw-faucet-open-v3-struct_mem-20260410-174633-seed3,faucet-open-v3,struct_mem,PD,100,0.0,200.0,698.584934171718,0,0,0,0,0,8.007099151611328,2026-04-10T17:46:41
runs/batch/mw-batch-20260410-171844/mw-faucet-open-v3-struct_mem-20260410-174643-seed4,mw-faucet-open-v3-struct_mem-20260410-174643-seed4,faucet-open-v3,struct_mem,PD,100,0.0,200.0,712.5751082774041,0,0,0,0,0,7.916938781738281,2026-04-10T17:46:51
runs/batch/mw-batch-20260410-171844/mw-faucet-open-v3-text_buf-20260410-174516-seed0,mw-faucet-open-v3-text_buf-20260410-174516-seed0,faucet-open-v3,text_buf,PD,100,0.0,200.0,684.8153565215308,0,0,0,0,0,8.260573387145996,2026-04-10T17:45:24
runs/batch/mw-batch-20260410-171844/mw-faucet-open-v3-text_buf-20260410-174525-seed1,mw-faucet-open-v3-text_buf-20260410-174525-seed1,faucet-open-v3,text_buf,PD,100,0.0,200.0,653.085417802396,0,0,0,0,0,8.653510093688965,2026-04-10T17:45:34
runs/batch/mw-batch-20260410-171844/mw-faucet-open-v3-text_buf-20260410-174535-seed2,mw-faucet-open-v3-text_buf-20260410-174535-seed2,faucet-open-v3,text_buf,PD,100,0.0,200.0,685.7266558765529,0,0,0,0,0,8.671863794326782,2026-04-10T17:45:44
runs/batch/mw-batch-20260410-171844/mw-faucet-open-v3-text_buf-20260410-174545-seed3,mw-faucet-open-v3-text_buf-20260410-174545-seed3,faucet-open-v3,text_buf,PD,100,0.0,200.0,698.3554025794302,0,0,0,0,0,8.4562349319458,2026-04-10T17:45:54
runs/batch/mw-batch-20260410-171844/mw-faucet-open-v3-text_buf-20260410-174555-seed4,mw-faucet-open-v3-text_buf-20260410-174555-seed4,faucet-open-v3,text_buf,PD,100,0.0,200.0,712.2513912650171,0,0,0,0,0,8.163625717163086,2026-04-10T17:46:03
runs/batch/mw-batch-20260410-171844/mw-pick-place-v3-no_mem-20260410-172659-seed0,mw-pick-place-v3-no_mem-20260410-172659-seed0,pick-place-v3,no_mem,PD,100,0.0,200.0,14.606758861486307,0,0,0,0,0,18.782986879348755,2026-04-10T17:27:18
runs/batch/mw-batch-20260410-171844/mw-pick-place-v3-no_mem-20260410-172719-seed1,mw-pick-place-v3-no_mem-20260410-172719-seed1,pick-place-v3,no_mem,PD,100,0.0,200.0,15.078864111452638,0,0,0,0,0,18.501417636871338,2026-04-10T17:27:38
runs/batch/mw-batch-20260410-171844/mw-pick-place-v3-no_mem-20260410-172739-seed2,mw-pick-place-v3-no_mem-20260410-172739-seed2,pick-place-v3,no_mem,PD,100,0.0,200.0,15.185103482576459,0,0,0,0,0,18.195149660110474,2026-04-10T17:27:57
runs/batch/mw-batch-20260410-171844/mw-pick-place-v3-no_mem-20260410-172759-seed3,mw-pick-place-v3-no_mem-20260410-172759-seed3,pick-place-v3,no_mem,PD,100,0.0,200.0,14.63750526553731,0,0,0,0,0,18.327534437179565,2026-04-10T17:28:17
runs/batch/mw-batch-20260410-171844/mw-pick-place-v3-no_mem-20260410-172819-seed4,mw-pick-place-v3-no_mem-20260410-172819-seed4,pick-place-v3,no_mem,PD,100,0.0,200.0,15.754711081193532,0,0,0,0,0,18.377809047698975,2026-04-10T17:28:37
runs/batch/mw-batch-20260410-171844/mw-pick-place-v3-struct_mem-20260410-173025-seed0,mw-pick-place-v3-struct_mem-20260410-173025-seed0,pick-place-v3,struct_mem,PD,100,0.0,200.0,14.826836300421586,0,0,0,0,0,19.136104106903076,2026-04-10T17:30:44
runs/batch/mw-batch-20260410-171844/mw-pick-place-v3-struct_mem-20260410-173045-seed1,mw-pick-place-v3-struct_mem-20260410-173045-seed1,pick-place-v3,struct_mem,PD,100,0.0,200.0,15.277947949737106,0,0,0,0,0,19.114623546600342,2026-04-10T17:31:05
runs/batch/mw-batch-20260410-171844/mw-pick-place-v3-struct_mem-20260410-173106-seed2,mw-pick-place-v3-struct_mem-20260410-173106-seed2,pick-place-v3,struct_mem,PD,100,0.0,200.0,15.43169284318716,0,0,0,0,0,19.266918420791626,2026-04-10T17:31:25
runs/batch/mw-batch-20260410-171844/mw-pick-place-v3-struct_mem-20260410-173127-seed3,mw-pick-place-v3-struct_mem-20260410-173127-seed3,pick-place-v3,struct_mem,PD,100,0.0,200.0,14.947859877934489,0,0,0,0,0,18.902942419052124,2026-04-10T17:31:46
runs/batch/mw-batch-20260410-171844/mw-pick-place-v3-struct_mem-20260410-173147-seed4,mw-pick-place-v3-struct_mem-20260410-173147-seed4,pick-place-v3,struct_mem,PD,100,0.0,200.0,15.969459480329062,0,0,0,0,0,19.459285020828247,2026-04-10T17:32:07
runs/batch/mw-batch-20260410-171844/mw-pick-place-v3-text_buf-20260410-172838-seed0,mw-pick-place-v3-text_buf-20260410-172838-seed0,pick-place-v3,text_buf,PD,100,0.0,200.0,14.737502729265609,0,0,0,0,0,19.265209436416626,2026-04-10T17:28:58
runs/batch/mw-batch-20260410-171844/mw-pick-place-v3-text_buf-20260410-172859-seed1,mw-pick-place-v3-text_buf-20260410-172859-seed1,pick-place-v3,text_buf,PD,100,0.0,200.0,15.401343353594257,0,0,0,0,0,19.516945123672485,2026-04-10T17:29:19
runs/batch/mw-batch-20260410-171844/mw-pick-place-v3-text_buf-20260410-172920-seed2,mw-pick-place-v3-text_buf-20260410-172920-seed2,pick-place-v3,text_buf,PD,100,0.0,200.0,15.29060023233834,0,0,0,0,0,19.9880108833313,2026-04-10T17:29:40
runs/batch/mw-batch-20260410-171844/mw-pick-place-v3-text_buf-20260410-172942-seed3,mw-pick-place-v3-text_buf-20260410-172942-seed3,pick-place-v3,text_buf,PD,100,0.0,200.0,14.862999271148375,0,0,0,0,0,20.004137992858887,2026-04-10T17:30:02
runs/batch/mw-batch-20260410-171844/mw-pick-place-v3-text_buf-20260410-173003-seed4,mw-pick-place-v3-text_buf-20260410-173003-seed4,pick-place-v3,text_buf,PD,100,0.0,200.0,15.743317941440198,0,0,0,0,0,20.058799266815186,2026-04-10T17:30:23
runs/batch/mw-batch-20260410-171844/mw-push-v3-no_mem-20260410-172145-seed0,mw-push-v3-no_mem-20260410-172145-seed0,push-v3,no_mem,PD,100,0.59,200.0,844.8768672327463,0,0,0,0,0,18.462668418884277,2026-04-10T17:22:04
runs/batch/mw-batch-20260410-171844/mw-push-v3-no_mem-20260410-172205-seed1,mw-push-v3-no_mem-20260410-172205-seed1,push-v3,no_mem,PD,100,0.38,200.0,591.9458496054917,0,0,0,0,0,18.620594024658203,2026-04-10T17:22:24
runs/batch/mw-batch-20260410-171844/mw-push-v3-no_mem-20260410-172225-seed2,mw-push-v3-no_mem-20260410-172225-seed2,push-v3,no_mem,PD,100,0.59,200.0,861.250729630178,0,0,0,0,0,19.01082491874695,2026-04-10T17:22:44
runs/batch/mw-batch-20260410-171844/mw-push-v3-no_mem-20260410-172246-seed3,mw-push-v3-no_mem-20260410-172246-seed3,push-v3,no_mem,PD,100,0.58,200.0,804.8711538305839,0,0,0,0,0,19.443013668060303,2026-04-10T17:23:05
runs/batch/mw-batch-20260410-171844/mw-push-v3-no_mem-20260410-172307-seed4,mw-push-v3-no_mem-20260410-172307-seed4,push-v3,no_mem,PD,100,0.0,200.0,335.88677073676723,0,0,0,0,0,19.408552885055542,2026-04-10T17:23:26
runs/batch/mw-batch-20260410-171844/mw-push-v3-struct_mem-20260410-172513-seed0,mw-push-v3-struct_mem-20260410-172513-seed0,push-v3,struct_mem,PD,100,0.59,200.0,844.8768672327463,0,0,0,0,0,19.204474210739136,2026-04-10T17:25:32
runs/batch/mw-batch-20260410-171844/mw-push-v3-struct_mem-20260410-172533-seed1,mw-push-v3-struct_mem-20260410-172533-seed1,push-v3,struct_mem,PD,100,0.38,200.0,591.9458496054917,0,0,0,0,0,19.24036931991577,2026-04-10T17:25:52
runs/batch/mw-batch-20260410-171844/mw-push-v3-struct_mem-20260410-172554-seed2,mw-push-v3-struct_mem-20260410-172554-seed2,push-v3,struct_mem,PD,100,0.59,200.0,861.250729630178,0,0,0,0,0,20.27335476875305,2026-04-10T17:26:14
runs/batch/mw-batch-20260410-171844/mw-push-v3-struct_mem-20260410-172616-seed3,mw-push-v3-struct_mem-20260410-172616-seed3,push-v3,struct_mem,PD,100,0.58,200.0,804.8711538305839,0,0,0,0,0,19.8479642868042,2026-04-10T17:26:36
runs/batch/mw-batch-20260410-171844/mw-push-v3-struct_mem-20260410-172637-seed4,mw-push-v3-struct_mem-20260410-172637-seed4,push-v3,struct_mem,PD,100,0.0,200.0,335.88677073676723,0,0,0,0,0,20.238304138183594,2026-04-10T17:26:57
runs/batch/mw-batch-20260410-171844/mw-push-v3-text_buf-20260410-172328-seed0,mw-push-v3-text_buf-20260410-172328-seed0,push-v3,text_buf,PD,100,0.59,200.0,824.5833385046328,0,0,0,0,0,20.226210117340088,2026-04-10T17:23:48
runs/batch/mw-batch-20260410-171844/mw-push-v3-text_buf-20260410-172349-seed1,mw-push-v3-text_buf-20260410-172349-seed1,push-v3,text_buf,PD,100,0.38,200.0,575.6897884595511,0,0,0,0,0,19.47953224182129,2026-04-10T17:24:09
runs/batch/mw-batch-20260410-171844/mw-push-v3-text_buf-20260410-172410-seed2,mw-push-v3-text_buf-20260410-172410-seed2,push-v3,text_buf,PD,100,0.58,200.0,848.2936491227638,0,0,0,0,0,19.279937982559204,2026-04-10T17:24:30
runs/batch/mw-batch-20260410-171844/mw-push-v3-text_buf-20260410-172431-seed3,mw-push-v3-text_buf-20260410-172431-seed3,push-v3,text_buf,PD,100,0.57,200.0,794.9618340145638,0,0,0,0,0,19.26489806175232,2026-04-10T17:24:50
runs/batch/mw-batch-20260410-171844/mw-push-v3-text_buf-20260410-172452-seed4,mw-push-v3-text_buf-20260410-172452-seed4,push-v3,text_buf,PD,100,0.0,200.0,337.127590505395,0,0,0,0,0,19.17844533920288,2026-04-10T17:25:11
runs/batch/mw-batch-20260410-171844/mw-reach-v3-no_mem-20260410-171846-seed0,mw-reach-v3-no_mem-20260410-171846-seed0,reach-v3,no_mem,PD,100,0.66,200.0,1816.6849328012502,0,0,0,0,0,9.757158756256104,2026-04-10T17:18:55
runs/batch/mw-batch-20260410-171844/mw-reach-v3-no_mem-20260410-171857-seed1,mw-reach-v3-no_mem-20260410-171857-seed1,reach-v3,no_mem,PD,100,0.69,200.0,1834.3568886318658,0,0,0,0,0,9.669224262237549,2026-04-10T17:19:07
runs/batch/mw-batch-20260410-171844/mw-reach-v3-no_mem-20260410-171908-seed2,mw-reach-v3-no_mem-20260410-171908-seed2,reach-v3,no_mem,PD,100,0.65,200.0,1824.2704298817255,0,0,0,0,0,9.729291439056396,2026-04-10T17:19:18
runs/batch/mw-batch-20260410-171844/mw-reach-v3-no_mem-20260410-171919-seed3,mw-reach-v3-no_mem-20260410-171919-seed3,reach-v3,no_mem,PD,100,0.66,200.0,1858.9589631103333,0,0,0,0,0,10.286149024963379,2026-04-10T17:19:30
runs/batch/mw-batch-20260410-171844/mw-reach-v3-no_mem-20260410-171931-seed4,mw-reach-v3-no_mem-20260410-171931-seed4,reach-v3,no_mem,PD,100,0.85,200.0,1832.646343564315,0,0,0,0,0,10.589441061019897,2026-04-10T17:19:42
runs/batch/mw-batch-20260410-171844/mw-reach-v3-struct_mem-20260410-172045-seed0,mw-reach-v3-struct_mem-20260410-172045-seed0,reach-v3,struct_mem,PD,100,0.66,200.0,1816.6849328012502,0,0,0,0,0,10.347874641418457,2026-04-10T17:20:56
runs/batch/mw-batch-20260410-171844/mw-reach-v3-struct_mem-20260410-172057-seed1,mw-reach-v3-struct_mem-20260410-172057-seed1,reach-v3,struct_mem,PD,100,0.69,200.0,1834.3568886318658,0,0,0,0,0,10.637638568878174,2026-04-10T17:21:08
runs/batch/mw-batch-20260410-171844/mw-reach-v3-struct_mem-20260410-172109-seed2,mw-reach-v3-struct_mem-20260410-172109-seed2,reach-v3,struct_mem,PD,100,0.65,200.0,1824.2704298817255,0,0,0,0,0,10.38987684249878,2026-04-10T17:21:20
runs/batch/mw-batch-20260410-171844/mw-reach-v3-struct_mem-20260410-172121-seed3,mw-reach-v3-struct_mem-20260410-172121-seed3,reach-v3,struct_mem,PD,100,0.66,200.0,1858.9589631103333,0,0,0,0,0,10.504134893417358,2026-04-10T17:21:32
runs/batch/mw-batch-20260410-171844/mw-reach-v3-struct_mem-20260410-172133-seed4,mw-reach-v3-struct_mem-20260410-172133-seed4,reach-v3,struct_mem,PD,100,0.85,200.0,1832.646343564315,0,0,0,0,0,10.686648845672607,2026-04-10T17:21:44
runs/batch/mw-batch-20260410-171844/mw-reach-v3-text_buf-20260410-171943-seed0,mw-reach-v3-text_buf-20260410-171943-seed0,reach-v3,text_buf,PD,100,0.66,200.0,1816.6849328012502,0,0,0,0,0,10.95663332939148,2026-04-10T17:19:54
runs/batch/mw-batch-20260410-171844/mw-reach-v3-text_buf-20260410-171956-seed1,mw-reach-v3-text_buf-20260410-171956-seed1,reach-v3,text_buf,PD,100,0.69,200.0,1834.3568886318658,0,0,0,0,0,10.876926898956299,2026-04-10T17:20:07
runs/batch/mw-batch-20260410-171844/mw-reach-v3-text_buf-20260410-172008-seed2,mw-reach-v3-text_buf-20260410-172008-seed2,reach-v3,text_buf,PD,100,0.65,200.0,1824.2704298817255,0,0,0,0,0,10.901432275772095,2026-04-10T17:20:19
runs/batch/mw-batch-20260410-171844/mw-reach-v3-text_buf-20260410-172021-seed3,mw-reach-v3-text_buf-20260410-172021-seed3,reach-v3,text_buf,PD,100,0.66,200.0,1858.9589631103333,0,0,0,0,0,10.80974817276001,2026-04-10T17:20:31
runs/batch/mw-batch-20260410-171844/mw-reach-v3-text_buf-20260410-172033-seed4,mw-reach-v3-text_buf-20260410-172033-seed4,reach-v3,text_buf,PD,100,0.85,200.0,1832.646343564315,0,0,0,0,0,10.742055416107178,2026-04-10T17:20:44
runs/batch/mw-batch-20260410-171844/mw-shelf-place-v3-no_mem-20260410-174652-seed0,mw-shelf-place-v3-no_mem-20260410-174652-seed0,shelf-place-v3,no_mem,PD,100,0.0,200.0,7.483606520615049,0,0,0,0,0,19.238311052322388,2026-04-10T17:47:11
runs/batch/mw-batch-20260410-171844/mw-shelf-place-v3-no_mem-20260410-174713-seed1,mw-shelf-place-v3-no_mem-20260410-174713-seed1,shelf-place-v3,no_mem,PD,100,0.0,200.0,1.2267962276815418,0,0,0,0,0,19.993228435516357,2026-04-10T17:47:33
runs/batch/mw-batch-20260410-171844/mw-shelf-place-v3-no_mem-20260410-174735-seed2,mw-shelf-place-v3-no_mem-20260410-174735-seed2,shelf-place-v3,no_mem,PD,100,0.0,200.0,2.7456744347932602,0,0,0,0,0,19.7742919921875,2026-04-10T17:47:54
runs/batch/mw-batch-20260410-171844/mw-shelf-place-v3-no_mem-20260410-174756-seed3,mw-shelf-place-v3-no_mem-20260410-174756-seed3,shelf-place-v3,no_mem,PD,100,0.0,200.0,0.20380322943705612,0,0,0,0,0,20.468943119049072,2026-04-10T17:48:16
runs/batch/mw-batch-20260410-171844/mw-shelf-place-v3-no_mem-20260410-174818-seed4,mw-shelf-place-v3-no_mem-20260410-174818-seed4,shelf-place-v3,no_mem,PD,100,0.0,200.0,0.12128796673578207,0,0,0,0,0,20.599175930023193,2026-04-10T17:48:39
runs/batch/mw-batch-20260410-171844/mw-shelf-place-v3-struct_mem-20260410-175028-seed0,mw-shelf-place-v3-struct_mem-20260410-175028-seed0,shelf-place-v3,struct_mem,PD,100,0.0,200.0,7.232866619986405,0,0,0,0,0,20.1330406665802,2026-04-10T17:50:48
runs/batch/mw-batch-20260410-171844/mw-shelf-place-v3-struct_mem-20260410-175050-seed1,mw-shelf-place-v3-struct_mem-20260410-175050-seed1,shelf-place-v3,struct_mem,PD,100,0.0,200.0,1.1418684735402498,0,0,0,0,0,20.235809564590454,2026-04-10T17:51:10
runs/batch/mw-batch-20260410-171844/mw-shelf-place-v3-struct_mem-20260410-175112-seed2,mw-shelf-place-v3-struct_mem-20260410-175112-seed2,shelf-place-v3,struct_mem,PD,100,0.0,200.0,2.5267662693122444,0,0,0,0,0,21.322705030441284,2026-04-10T17:51:33
runs/batch/mw-batch-20260410-171844/mw-shelf-place-v3-struct_mem-20260410-175135-seed3,mw-shelf-place-v3-struct_mem-20260410-175135-seed3,shelf-place-v3,struct_mem,PD,100,0.0,200.0,0.18554683294139923,0,0,0,0,0,21.19162607192993,2026-04-10T17:51:56
runs/batch/mw-batch-20260410-171844/mw-shelf-place-v3-struct_mem-20260410-175158-seed4,mw-shelf-place-v3-struct_mem-20260410-175158-seed4,shelf-place-v3,struct_mem,PD,100,0.0,200.0,0.10526860989100698,0,0,0,0,0,21.104045867919922,2026-04-10T17:52:19
runs/batch/mw-batch-20260410-171844/mw-shelf-place-v3-text_buf-20260410-174840-seed0,mw-shelf-place-v3-text_buf-20260410-174840-seed0,shelf-place-v3,text_buf,PD,100,0.0,200.0,7.516799905947311,0,0,0,0,0,20.53277039527893,2026-04-10T17:49:01
runs/batch/mw-batch-20260410-171844/mw-shelf-place-v3-text_buf-20260410-174903-seed1,mw-shelf-place-v3-text_buf-20260410-174903-seed1,shelf-place-v3,text_buf,PD,100,0.0,200.0,1.2266557117411836,0,0,0,0,0,20.75674080848694,2026-04-10T17:49:23
runs/batch/mw-batch-20260410-171844/mw-shelf-place-v3-text_buf-20260410-174925-seed2,mw-shelf-place-v3-text_buf-20260410-174925-seed2,shelf-place-v3,text_buf,PD,100,0.0,200.0,2.6946468733792703,0,0,0,0,0,19.58074688911438,2026-04-10T17:49:44
runs/batch/mw-batch-20260410-171844/mw-shelf-place-v3-text_buf-20260410-174946-seed3,mw-shelf-place-v3-text_buf-20260410-174946-seed3,shelf-place-v3,text_buf,PD,100,0.0,200.0,0.20380322943705612,0,0,0,0,0,19.821406602859497,2026-04-10T17:50:06
runs/batch/mw-batch-20260410-171844/mw-shelf-place-v3-text_buf-20260410-175007-seed4,mw-shelf-place-v3-text_buf-20260410-175007-seed4,shelf-place-v3,text_buf,PD,100,0.0,200.0,0.12133404056322507,0,0,0,0,0,19.317925453186035,2026-04-10T17:50:27
runs/batch/mw-batch-20260410-171844/mw-sweep-v3-no_mem-20260410-173425-seed0,mw-sweep-v3-no_mem-20260410-173425-seed0,sweep-v3,no_mem,PD,100,0.0,200.0,233.30345614856674,0,0,0,0,0,15.626924991607666,2026-04-10T17:34:41
runs/batch/mw-batch-20260410-171844/mw-sweep-v3-no_mem-20260410-173443-seed1,mw-sweep-v3-no_mem-20260410-173443-seed1,sweep-v3,no_mem,PD,100,0.0,200.0,174.02642490689752,0,0,0,0,0,15.45819354057312,2026-04-10T17:34:58
runs/batch/mw-batch-20260410-171844/mw-sweep-v3-no_mem-20260410-173500-seed2,mw-sweep-v3-no_mem-20260410-173500-seed2,sweep-v3,no_mem,PD,100,0.0,200.0,185.8461072608203,0,0,0,0,0,15.246714353561401,2026-04-10T17:35:15
runs/batch/mw-batch-20260410-171844/mw-sweep-v3-no_mem-20260410-173516-seed3,mw-sweep-v3-no_mem-20260410-173516-seed3,sweep-v3,no_mem,PD,100,0.0,200.0,186.39472063809677,0,0,0,0,0,15.787369012832642,2026-04-10T17:35:32
runs/batch/mw-batch-20260410-171844/mw-sweep-v3-no_mem-20260410-173534-seed4,mw-sweep-v3-no_mem-20260410-173534-seed4,sweep-v3,no_mem,PD,100,0.0,200.0,274.63328459740484,0,0,0,0,0,16.086567163467407,2026-04-10T17:35:50
runs/batch/mw-batch-20260410-171844/mw-sweep-v3-struct_mem-20260410-173721-seed0,mw-sweep-v3-struct_mem-20260410-173721-seed0,sweep-v3,struct_mem,PD,100,0.0,200.0,233.30345614856674,0,0,0,0,0,16.1145441532135,2026-04-10T17:37:37
runs/batch/mw-batch-20260410-171844/mw-sweep-v3-struct_mem-20260410-173738-seed1,mw-sweep-v3-struct_mem-20260410-173738-seed1,sweep-v3,struct_mem,PD,100,0.0,200.0,174.02642490689752,0,0,0,0,0,15.848049402236938,2026-04-10T17:37:54
runs/batch/mw-batch-20260410-171844/mw-sweep-v3-struct_mem-20260410-173756-seed2,mw-sweep-v3-struct_mem-20260410-173756-seed2,sweep-v3,struct_mem,PD,100,0.0,200.0,185.8461072608203,0,0,0,0,0,16.0778968334198,2026-04-10T17:38:12
runs/batch/mw-batch-20260410-171844/mw-sweep-v3-struct_mem-20260410-173813-seed3,mw-sweep-v3-struct_mem-20260410-173813-seed3,sweep-v3,struct_mem,PD,100,0.0,200.0,186.39472063809677,0,0,0,0,0,16.444093704223633,2026-04-10T17:38:30
runs/batch/mw-batch-20260410-171844/mw-sweep-v3-struct_mem-20260410-173831-seed4,mw-sweep-v3-struct_mem-20260410-173831-seed4,sweep-v3,struct_mem,PD,100,0.0,200.0,274.63328459740484,0,0,0,0,0,16.30630874633789,2026-04-10T17:38:47
runs/batch/mw-batch-20260410-171844/mw-sweep-v3-text_buf-20260410-173551-seed0,mw-sweep-v3-text_buf-20260410-173551-seed0,sweep-v3,text_buf,PD,100,0.0,200.0,233.30345614856674,0,0,0,0,0,16.67391276359558,2026-04-10T17:36:08
runs/batch/mw-batch-20260410-171844/mw-sweep-v3-text_buf-20260410-173609-seed1,mw-sweep-v3-text_buf-20260410-173609-seed1,sweep-v3,text_buf,PD,100,0.0,200.0,174.09053935666321,0,0,0,0,0,16.528583526611328,2026-04-10T17:36:26
runs/batch/mw-batch-20260410-171844/mw-sweep-v3-text_buf-20260410-173627-seed2,mw-sweep-v3-text_buf-20260410-173627-seed2,sweep-v3,text_buf,PD,100,0.0,200.0,186.31300394806965,0,0,0,0,0,16.86160683631897,2026-04-10T17:36:44
runs/batch/mw-batch-20260410-171844/mw-sweep-v3-text_buf-20260410-173646-seed3,mw-sweep-v3-text_buf-20260410-173646-seed3,sweep-v3,text_buf,PD,100,0.0,200.0,186.34901121190234,0,0,0,0,0,15.945703744888306,2026-04-10T17:37:02
runs/batch/mw-batch-20260410-171844/mw-sweep-v3-text_buf-20260410-173703-seed4,mw-sweep-v3-text_buf-20260410-173703-seed4,sweep-v3,text_buf,PD,100,0.0,200.0,274.63328459740484,0,0,0,0,0,16.182462453842163,2026-04-10T17:37:19
runs/batch/retry0_main/mw-door-open-v3-no_mem-20260410-200045-seed0,mw-door-open-v3-no_mem-20260410-200045-seed0,door-open-v3,no_mem,PD,60,0.0,200.0,312.2261618651043,0.0,0.0,0.0,20,1,7.83372950553894,2026-04-10T20:00:53
runs/batch/retry0_main/mw-door-open-v3-no_mem-20260410-200055-seed1,mw-door-open-v3-no_mem-20260410-200055-seed1,door-open-v3,no_mem,PD,60,0.0,200.0,299.7522597143835,0.0,0.0,0.0,20,1,7.419109106063843,2026-04-10T20:01:02
runs/batch/retry0_main/mw-door-open-v3-no_mem-20260410-200104-seed2,mw-door-open-v3-no_mem-20260410-200104-seed2,door-open-v3,no_mem,PD,60,0.0,200.0,321.16253839837094,0.0,0.0,0.0,20,1,7.668313264846802,2026-04-10T20:01:12
runs/batch/retry0_main/mw-door-open-v3-no_mem-20260410-200113-seed3,mw-door-open-v3-no_mem-20260410-200113-seed3,door-open-v3,no_mem,PD,60,0.0,200.0,295.2956725513231,0.0,0.0,0.0,20,1,7.665271759033203,2026-04-10T20:01:21
runs/batch/retry0_main/mw-door-open-v3-no_mem-20260410-200123-seed4,mw-door-open-v3-no_mem-20260410-200123-seed4,door-open-v3,no_mem,PD,60,0.0,200.0,298.2058003872473,0.0,0.0,0.0,20,1,7.684828519821167,2026-04-10T20:01:31
runs/batch/retry0_main/mw-door-open-v3-struct_mem-20260410-200220-seed0,mw-door-open-v3-struct_mem-20260410-200220-seed0,door-open-v3,struct_mem,PD,60,0.0,200.0,312.2261618651043,0.0,0.0,0.0,20,1,7.911486864089966,2026-04-10T20:02:28
runs/batch/retry0_main/mw-door-open-v3-struct_mem-20260410-200230-seed1,mw-door-open-v3-struct_mem-20260410-200230-seed1,door-open-v3,struct_mem,PD,60,0.0,200.0,299.7522597143835,0.0,0.0,0.0,20,1,8.085052490234375,2026-04-10T20:02:38
runs/batch/retry0_main/mw-door-open-v3-struct_mem-20260410-200240-seed2,mw-door-open-v3-struct_mem-20260410-200240-seed2,door-open-v3,struct_mem,PD,60,0.0,200.0,321.16253839837094,0.0,0.0,0.0,20,1,7.97916579246521,2026-04-10T20:02:48
runs/batch/retry0_main/mw-door-open-v3-struct_mem-20260410-200249-seed3,mw-door-open-v3-struct_mem-20260410-200249-seed3,door-open-v3,struct_mem,PD,60,0.0,200.0,295.2956725513231,0.0,0.0,0.0,20,1,7.908315181732178,2026-04-10T20:02:57
runs/batch/retry0_main/mw-door-open-v3-struct_mem-20260410-200259-seed4,mw-door-open-v3-struct_mem-20260410-200259-seed4,door-open-v3,struct_mem,PD,60,0.0,200.0,298.2058003872473,0.0,0.0,0.0,20,1,7.996746301651001,2026-04-10T20:03:07
runs/batch/retry0_main/mw-door-open-v3-text_buf-20260410-200132-seed0,mw-door-open-v3-text_buf-20260410-200132-seed0,door-open-v3,text_buf,PD,60,0.0,200.0,305.24256167308306,0.0,0.0,0.0,20,1,7.730556011199951,2026-04-10T20:01:40
runs/batch/retry0_main/mw-door-open-v3-text_buf-20260410-200142-seed1,mw-door-open-v3-text_buf-20260410-200142-seed1,door-open-v3,text_buf,PD,60,0.0,200.0,302.7298252875875,0.0,0.0,0.0,20,1,8.062654256820679,2026-04-10T20:01:50
runs/batch/retry0_main/mw-door-open-v3-text_buf-20260410-200152-seed2,mw-door-open-v3-text_buf-20260410-200152-seed2,door-open-v3,text_buf,PD,60,0.0,200.0,321.93349888335166,0.0,0.0,0.0,20,1,7.6876373291015625,2026-04-10T20:01:59
runs/batch/retry0_main/mw-door-open-v3-text_buf-20260410-200201-seed3,mw-door-open-v3-text_buf-20260410-200201-seed3,door-open-v3,text_buf,PD,60,0.0,200.0,296.2504401293452,0.0,0.0,0.0,20,1,7.650704860687256,2026-04-10T20:02:09
runs/batch/retry0_main/mw-door-open-v3-text_buf-20260410-200210-seed4,mw-door-open-v3-text_buf-20260410-200210-seed4,door-open-v3,text_buf,PD,60,0.0,200.0,301.2135692675971,0.0,0.0,0.0,20,1,8.04117202758789,2026-04-10T20:02:19
runs/batch/retry0_main/mw-pick-place-v3-no_mem-20260410-195722-seed0,mw-pick-place-v3-no_mem-20260410-195722-seed0,pick-place-v3,no_mem,PD,60,0.0,200.0,242.5678225779208,0.0,0.0,0.0,20,1,11.781286478042603,2026-04-10T19:57:33
runs/batch/retry0_main/mw-pick-place-v3-no_mem-20260410-195735-seed1,mw-pick-place-v3-no_mem-20260410-195735-seed1,pick-place-v3,no_mem,PD,60,0.0,200.0,234.6454790359674,0.0,0.0,0.0,20,1,11.875053644180298,2026-04-10T19:57:47
runs/batch/retry0_main/mw-pick-place-v3-no_mem-20260410-195749-seed2,mw-pick-place-v3-no_mem-20260410-195749-seed2,pick-place-v3,no_mem,PD,60,0.0,200.0,246.15754976014475,0.0,0.0,0.0,20,1,12.613215208053589,2026-04-10T19:58:01
runs/batch/retry0_main/mw-pick-place-v3-no_mem-20260410-195803-seed3,mw-pick-place-v3-no_mem-20260410-195803-seed3,pick-place-v3,no_mem,PD,60,0.0,200.0,238.86639645877815,0.0,0.0,0.0,20,1,11.844661474227905,2026-04-10T19:58:15
runs/batch/retry0_main/mw-pick-place-v3-no_mem-20260410-195817-seed4,mw-pick-place-v3-no_mem-20260410-195817-seed4,pick-place-v3,no_mem,PD,60,0.0,200.0,165.6790479986089,0.0,0.0,0.0,20,1,11.922818422317505,2026-04-10T19:58:29
runs/batch/retry0_main/mw-pick-place-v3-struct_mem-20260410-195937-seed0,mw-pick-place-v3-struct_mem-20260410-195937-seed0,pick-place-v3,struct_mem,PD,60,0.6166666666666667,200.0,121.44783224485857,0.0,0.9833333333333333,0.0,20,1,11.463999509811401,2026-04-10T19:59:48
runs/batch/retry0_main/mw-pick-place-v3-struct_mem-20260410-195950-seed1,mw-pick-place-v3-struct_mem-20260410-195950-seed1,pick-place-v3,struct_mem,PD,60,0.7,200.0,95.39488046379275,0.0,0.9666666666666667,0.0,20,1,11.632434368133545,2026-04-10T20:00:02
runs/batch/retry0_main/mw-pick-place-v3-struct_mem-20260410-200004-seed2,mw-pick-place-v3-struct_mem-20260410-200004-seed2,pick-place-v3,struct_mem,PD,60,0.8333333333333334,200.0,136.84221790260634,0.0,1.0,0.0,20,1,12.159069776535034,2026-04-10T20:00:16
runs/batch/retry0_main/mw-pick-place-v3-struct_mem-20260410-200018-seed3,mw-pick-place-v3-struct_mem-20260410-200018-seed3,pick-place-v3,struct_mem,PD,60,0.8,200.0,133.71303074115107,0.0,0.95,0.0,20,1,12.166284561157227,2026-04-10T20:00:30
runs/batch/retry0_main/mw-pick-place-v3-struct_mem-20260410-200032-seed4,mw-pick-place-v3-struct_mem-20260410-200032-seed4,pick-place-v3,struct_mem,PD,60,0.7333333333333333,200.0,172.9815047345279,0.0,0.9666666666666667,0.0,20,1,12.12450647354126,2026-04-10T20:00:44
runs/batch/retry0_main/mw-pick-place-v3-text_buf-20260410-195831-seed0,mw-pick-place-v3-text_buf-20260410-195831-seed0,pick-place-v3,text_buf,PD,60,0.6166666666666667,200.0,121.80301293120193,0.0,0.9833333333333333,0.0,20,1,11.302562713623047,2026-04-10T19:58:42
runs/batch/retry0_main/mw-pick-place-v3-text_buf-20260410-195844-seed1,mw-pick-place-v3-text_buf-20260410-195844-seed1,pick-place-v3,text_buf,PD,60,0.7,200.0,95.58495148309134,0.0,0.9833333333333333,0.0,20,1,11.355711221694946,2026-04-10T19:58:55
runs/batch/retry0_main/mw-pick-place-v3-text_buf-20260410-195857-seed2,mw-pick-place-v3-text_buf-20260410-195857-seed2,pick-place-v3,text_buf,PD,60,0.8333333333333334,200.0,136.82057011615368,0.0,1.0,0.0,20,1,11.55574893951416,2026-04-10T19:59:08
runs/batch/retry0_main/mw-pick-place-v3-text_buf-20260410-195910-seed3,mw-pick-place-v3-text_buf-20260410-195910-seed3,pick-place-v3,text_buf,PD,60,0.8,200.0,133.63800660378388,0.0,1.0,0.0,20,1,11.156149864196777,2026-04-10T19:59:21
runs/batch/retry0_main/mw-pick-place-v3-text_buf-20260410-195923-seed4,mw-pick-place-v3-text_buf-20260410-195923-seed4,pick-place-v3,text_buf,PD,60,0.7333333333333333,200.0,172.6379883497758,0.0,0.9666666666666667,0.0,20,1,11.817918539047241,2026-04-10T19:59:35
runs/batch/retry0_main/mw-push-v3-no_mem-20260410-195359-seed0,mw-push-v3-no_mem-20260410-195359-seed0,push-v3,no_mem,PD,60,0.0,200.0,97.0741840945665,0.0,0.0,0.0,20,1,11.16084361076355,2026-04-10T19:54:10
runs/batch/retry0_main/mw-push-v3-no_mem-20260410-195413-seed1,mw-push-v3-no_mem-20260410-195413-seed1,push-v3,no_mem,PD,60,0.0,200.0,77.10572565801684,0.0,0.0,0.0,20,1,11.467281818389893,2026-04-10T19:54:24
runs/batch/retry0_main/mw-push-v3-no_mem-20260410-195426-seed2,mw-push-v3-no_mem-20260410-195426-seed2,push-v3,no_mem,PD,60,0.0,200.0,94.29980126732353,0.0,0.0,0.0,20,1,11.408944368362427,2026-04-10T19:54:38
runs/batch/retry0_main/mw-push-v3-no_mem-20260410-195440-seed3,mw-push-v3-no_mem-20260410-195440-seed3,push-v3,no_mem,PD,60,0.0,200.0,73.19457295469034,0.0,0.0,0.0,20,1,12.01665210723877,2026-04-10T19:54:52
runs/batch/retry0_main/mw-push-v3-no_mem-20260410-195454-seed4,mw-push-v3-no_mem-20260410-195454-seed4,push-v3,no_mem,PD,60,0.0,200.0,82.44875679157643,0.0,0.0,0.0,20,1,11.341915130615234,2026-04-10T19:55:05
runs/batch/retry0_main/mw-push-v3-struct_mem-20260410-195614-seed0,mw-push-v3-struct_mem-20260410-195614-seed0,push-v3,struct_mem,PD,60,0.95,200.0,1409.4884040092031,0.0,0.0,0.0,20,1,11.582422971725464,2026-04-10T19:56:26
runs/batch/retry0_main/mw-push-v3-struct_mem-20260410-195628-seed1,mw-push-v3-struct_mem-20260410-195628-seed1,push-v3,struct_mem,PD,60,0.3,200.0,432.62839997964454,0.0,0.0,0.0,20,1,11.395906686782837,2026-04-10T19:56:39
runs/batch/retry0_main/mw-push-v3-struct_mem-20260410-195641-seed2,mw-push-v3-struct_mem-20260410-195641-seed2,push-v3,struct_mem,PD,60,0.9333333333333333,200.0,1386.4900645101707,0.0,0.0,0.0,20,1,11.693947315216064,2026-04-10T19:56:53
runs/batch/retry0_main/mw-push-v3-struct_mem-20260410-195654-seed3,mw-push-v3-struct_mem-20260410-195654-seed3,push-v3,struct_mem,PD,60,0.43333333333333335,200.0,648.598548370626,0.0,0.0,0.0,20,1,11.580207347869873,2026-04-10T19:57:06
runs/batch/retry0_main/mw-push-v3-struct_mem-20260410-195708-seed4,mw-push-v3-struct_mem-20260410-195708-seed4,push-v3,struct_mem,PD,60,0.6166666666666667,200.0,918.8235948341292,0.0,0.0,0.0,20,1,11.78633713722229,2026-04-10T19:57:20
runs/batch/retry0_main/mw-push-v3-text_buf-20260410-195507-seed0,mw-push-v3-text_buf-20260410-195507-seed0,push-v3,text_buf,PD,60,0.95,200.0,1409.5598077491013,0.0,0.0,0.0,20,1,11.57156491279602,2026-04-10T19:55:18
runs/batch/retry0_main/mw-push-v3-text_buf-20260410-195520-seed1,mw-push-v3-text_buf-20260410-195520-seed1,push-v3,text_buf,PD,60,0.3,200.0,431.517562011406,0.0,0.0,0.0,20,1,11.529339790344238,2026-04-10T19:55:32
runs/batch/retry0_main/mw-push-v3-text_buf-20260410-195534-seed2,mw-push-v3-text_buf-20260410-195534-seed2,push-v3,text_buf,PD,60,0.9333333333333333,200.0,1386.4513279889838,0.0,0.0,0.0,20,1,11.974567651748657,2026-04-10T19:55:46
runs/batch/retry0_main/mw-push-v3-text_buf-20260410-195547-seed3,mw-push-v3-text_buf-20260410-195547-seed3,push-v3,text_buf,PD,60,0.5,200.0,691.5695811297509,0.0,0.0,0.0,20,1,11.695236921310425,2026-04-10T19:55:59
runs/batch/retry0_main/mw-push-v3-text_buf-20260410-195601-seed4,mw-push-v3-text_buf-20260410-195601-seed4,push-v3,text_buf,PD,60,0.65,200.0,934.7478549307356,0.0,0.0,0.0,20,1,11.666210651397705,2026-04-10T19:56:13
runs/batch/retry0_main/mw-reach-v3-no_mem-20260410-195154-seed0,mw-reach-v3-no_mem-20260410-195154-seed0,reach-v3,no_mem,PD,60,0.0,200.0,483.23685201497443,0.0,0.0,0.0,20,1,6.23093318939209,2026-04-10T19:52:00
runs/batch/retry0_main/mw-reach-v3-no_mem-20260410-195202-seed1,mw-reach-v3-no_mem-20260410-195202-seed1,reach-v3,no_mem,PD,60,0.0,200.0,565.2968177316598,0.0,0.0,0.0,20,1,5.938185453414917,2026-04-10T19:52:08
runs/batch/retry0_main/mw-reach-v3-no_mem-20260410-195210-seed2,mw-reach-v3-no_mem-20260410-195210-seed2,reach-v3,no_mem,PD,60,0.0,200.0,522.1413005452539,0.0,0.0,0.0,20,1,6.266106367111206,2026-04-10T19:52:16
runs/batch/retry0_main/mw-reach-v3-no_mem-20260410-195218-seed3,mw-reach-v3-no_mem-20260410-195218-seed3,reach-v3,no_mem,PD,60,0.0,200.0,754.5223518690743,0.0,0.0,0.0,20,1,6.177014350891113,2026-04-10T19:52:24
runs/batch/retry0_main/mw-reach-v3-no_mem-20260410-195226-seed4,mw-reach-v3-no_mem-20260410-195226-seed4,reach-v3,no_mem,PD,60,0.0,200.0,542.2937101978349,0.0,0.0,0.0,20,1,6.657355070114136,2026-04-10T19:52:33
runs/batch/retry0_main/mw-reach-v3-struct_mem-20260410-195317-seed0,mw-reach-v3-struct_mem-20260410-195317-seed0,reach-v3,struct_mem,PD,60,0.6,200.0,1821.9333432856629,0.0,0.0,0.0,20,1,6.746671199798584,2026-04-10T19:53:23
runs/batch/retry0_main/mw-reach-v3-struct_mem-20260410-195325-seed1,mw-reach-v3-struct_mem-20260410-195325-seed1,reach-v3,struct_mem,PD,60,0.6833333333333333,200.0,1848.4575675494368,0.0,0.0,0.0,20,1,6.581030607223511,2026-04-10T19:53:32
runs/batch/retry0_main/mw-reach-v3-struct_mem-20260410-195333-seed2,mw-reach-v3-struct_mem-20260410-195333-seed2,reach-v3,struct_mem,PD,60,0.7333333333333333,200.0,1833.373436376135,0.0,0.0,0.0,20,1,6.688183784484863,2026-04-10T19:53:40
runs/batch/retry0_main/mw-reach-v3-struct_mem-20260410-195342-seed3,mw-reach-v3-struct_mem-20260410-195342-seed3,reach-v3,struct_mem,PD,60,0.6833333333333333,200.0,1857.2648375465503,0.0,0.0,0.0,20,1,6.860825777053833,2026-04-10T19:53:49
runs/batch/retry0_main/mw-reach-v3-struct_mem-20260410-195351-seed4,mw-reach-v3-struct_mem-20260410-195351-seed4,reach-v3,struct_mem,PD,60,0.7833333333333333,200.0,1839.2805249164567,0.0,0.0,0.0,20,1,6.672358512878418,2026-04-10T19:53:57
runs/batch/retry0_main/mw-reach-v3-text_buf-20260410-195235-seed0,mw-reach-v3-text_buf-20260410-195235-seed0,reach-v3,text_buf,PD,60,0.6,200.0,1821.9333432856629,0.0,0.0,0.0,20,1,6.526489496231079,2026-04-10T19:52:41
runs/batch/retry0_main/mw-reach-v3-text_buf-20260410-195243-seed1,mw-reach-v3-text_buf-20260410-195243-seed1,reach-v3,text_buf,PD,60,0.6833333333333333,200.0,1848.4575675494368,0.0,0.0,0.0,20,1,6.61911940574646,2026-04-10T19:52:50
runs/batch/retry0_main/mw-reach-v3-text_buf-20260410-195251-seed2,mw-reach-v3-text_buf-20260410-195251-seed2,reach-v3,text_buf,PD,60,0.7333333333333333,200.0,1833.373436376135,0.0,0.0,0.0,20,1,6.617492198944092,2026-04-10T19:52:58
runs/batch/retry0_main/mw-reach-v3-text_buf-20260410-195300-seed3,mw-reach-v3-text_buf-20260410-195300-seed3,reach-v3,text_buf,PD,60,0.6833333333333333,200.0,1857.2648375465503,0.0,0.0,0.0,20,1,6.518560886383057,2026-04-10T19:53:06
runs/batch/retry0_main/mw-reach-v3-text_buf-20260410-195308-seed4,mw-reach-v3-text_buf-20260410-195308-seed4,reach-v3,text_buf,PD,60,0.7833333333333333,200.0,1839.2805249164567,0.0,0.0,0.0,20,1,6.682427167892456,2026-04-10T19:53:15
runs/batch/smallpool_v3/mw-smallpool-20260410-184328/mw-door-open-v3-no_mem-20260410-184850-seed0,mw-door-open-v3-no_mem-20260410-184850-seed0,door-open-v3,no_mem,PD,60,0.0,200.0,312.2261618651043,0.0,0.0,0.0,20,1,7.405900716781616,2026-04-10T18:48:57
runs/batch/smallpool_v3/mw-smallpool-20260410-184328/mw-door-open-v3-no_mem-20260410-184859-seed1,mw-door-open-v3-no_mem-20260410-184859-seed1,door-open-v3,no_mem,PD,60,0.0,200.0,299.7522597143835,0.0,0.0,0.0,20,1,7.478068828582764,2026-04-10T18:49:07
runs/batch/smallpool_v3/mw-smallpool-20260410-184328/mw-door-open-v3-no_mem-20260410-184908-seed2,mw-door-open-v3-no_mem-20260410-184908-seed2,door-open-v3,no_mem,PD,60,0.0,200.0,321.16253839837094,0.0,0.0,0.0,20,1,7.46831488609314,2026-04-10T18:49:16
runs/batch/smallpool_v3/mw-smallpool-20260410-184328/mw-door-open-v3-no_mem-20260410-184918-seed3,mw-door-open-v3-no_mem-20260410-184918-seed3,door-open-v3,no_mem,PD,60,0.0,200.0,295.2956725513231,0.0,0.0,0.0,20,1,7.95649790763855,2026-04-10T18:49:26
runs/batch/smallpool_v3/mw-smallpool-20260410-184328/mw-door-open-v3-no_mem-20260410-184927-seed4,mw-door-open-v3-no_mem-20260410-184927-seed4,door-open-v3,no_mem,PD,60,0.0,200.0,298.2058003872473,0.0,0.0,0.0,20,1,8.06423807144165,2026-04-10T18:49:36
runs/batch/smallpool_v3/mw-smallpool-20260410-184328/mw-door-open-v3-struct_mem-20260410-185026-seed0,mw-door-open-v3-struct_mem-20260410-185026-seed0,door-open-v3,struct_mem,PD,60,0.0,200.0,239.93103759673397,2.7333333333333334,0.0,2.7333333333333334,20,1,8.488532543182373,2026-04-10T18:50:34
runs/batch/smallpool_v3/mw-smallpool-20260410-184328/mw-door-open-v3-struct_mem-20260410-185036-seed1,mw-door-open-v3-struct_mem-20260410-185036-seed1,door-open-v3,struct_mem,PD,60,0.0,200.0,224.60099577771794,2.4,0.0,2.4,20,1,7.518883228302002,2026-04-10T18:50:43
runs/batch/smallpool_v3/mw-smallpool-20260410-184328/mw-door-open-v3-struct_mem-20260410-185045-seed2,mw-door-open-v3-struct_mem-20260410-185045-seed2,door-open-v3,struct_mem,PD,60,0.0,200.0,248.80462884111597,2.716666666666667,0.0,2.716666666666667,20,1,7.76116418838501,2026-04-10T18:50:53
runs/batch/smallpool_v3/mw-smallpool-20260410-184328/mw-door-open-v3-struct_mem-20260410-185055-seed3,mw-door-open-v3-struct_mem-20260410-185055-seed3,door-open-v3,struct_mem,PD,60,0.0,200.0,221.68734116626328,2.45,0.0,2.45,20,1,7.650766849517822,2026-04-10T18:51:02
runs/batch/smallpool_v3/mw-smallpool-20260410-184328/mw-door-open-v3-struct_mem-20260410-185104-seed4,mw-door-open-v3-struct_mem-20260410-185104-seed4,door-open-v3,struct_mem,PD,60,0.0,200.0,221.66660221844145,2.4833333333333334,0.0,2.4833333333333334,20,1,7.449291944503784,2026-04-10T18:51:11
runs/batch/smallpool_v3/mw-smallpool-20260410-184328/mw-door-open-v3-text_buf-20260410-184937-seed0,mw-door-open-v3-text_buf-20260410-184937-seed0,door-open-v3,text_buf,PD,60,0.0,200.0,251.33109211101637,2.716666666666667,0.0,2.716666666666667,20,1,8.113626956939697,2026-04-10T18:49:45
runs/batch/smallpool_v3/mw-smallpool-20260410-184328/mw-door-open-v3-text_buf-20260410-184947-seed1,mw-door-open-v3-text_buf-20260410-184947-seed1,door-open-v3,text_buf,PD,60,0.0,200.0,231.13237193204856,2.466666666666667,0.0,2.466666666666667,20,1,7.635099172592163,2026-04-10T18:49:55
runs/batch/smallpool_v3/mw-smallpool-20260410-184328/mw-door-open-v3-text_buf-20260410-184957-seed2,mw-door-open-v3-text_buf-20260410-184957-seed2,door-open-v3,text_buf,PD,60,0.0,200.0,248.4829727436518,2.8,0.0,2.8,20,1,7.961930751800537,2026-04-10T18:50:05
runs/batch/smallpool_v3/mw-smallpool-20260410-184328/mw-door-open-v3-text_buf-20260410-185006-seed3,mw-door-open-v3-text_buf-20260410-185006-seed3,door-open-v3,text_buf,PD,60,0.0,200.0,230.51063807404023,2.716666666666667,0.0,2.716666666666667,20,1,8.00141954421997,2026-04-10T18:50:14
runs/batch/smallpool_v3/mw-smallpool-20260410-184328/mw-door-open-v3-text_buf-20260410-185016-seed4,mw-door-open-v3-text_buf-20260410-185016-seed4,door-open-v3,text_buf,PD,60,0.0,200.0,220.3530832166946,2.4,0.0,2.4,20,1,7.895606279373169,2026-04-10T18:50:24
runs/batch/smallpool_v3/mw-smallpool-20260410-184328/mw-pick-place-v3-no_mem-20260410-185113-seed0,mw-pick-place-v3-no_mem-20260410-185113-seed0,pick-place-v3,no_mem,PD,60,0.0,200.0,242.5678225779208,0.0,0.0,0.0,20,1,12.058656692504883,2026-04-10T18:51:25
runs/batch/smallpool_v3/mw-smallpool-20260410-184328/mw-pick-place-v3-no_mem-20260410-185127-seed1,mw-pick-place-v3-no_mem-20260410-185127-seed1,pick-place-v3,no_mem,PD,60,0.0,200.0,234.6454790359674,0.0,0.0,0.0,20,1,11.684830665588379,2026-04-10T18:51:39
runs/batch/smallpool_v3/mw-smallpool-20260410-184328/mw-pick-place-v3-no_mem-20260410-185140-seed2,mw-pick-place-v3-no_mem-20260410-185140-seed2,pick-place-v3,no_mem,PD,60,0.0,200.0,246.15754976014475,0.0,0.0,0.0,20,1,11.625991106033325,2026-04-10T18:51:52
runs/batch/smallpool_v3/mw-smallpool-20260410-184328/mw-pick-place-v3-no_mem-20260410-185154-seed3,mw-pick-place-v3-no_mem-20260410-185154-seed3,pick-place-v3,no_mem,PD,60,0.0,200.0,238.86639645877815,0.0,0.0,0.0,20,1,11.62285041809082,2026-04-10T18:52:05
runs/batch/smallpool_v3/mw-smallpool-20260410-184328/mw-pick-place-v3-no_mem-20260410-185207-seed4,mw-pick-place-v3-no_mem-20260410-185207-seed4,pick-place-v3,no_mem,PD,60,0.0,200.0,165.6790479986089,0.0,0.0,0.0,20,1,11.681992292404175,2026-04-10T18:52:19
runs/batch/smallpool_v3/mw-smallpool-20260410-184328/mw-pick-place-v3-struct_mem-20260410-185331-seed0,mw-pick-place-v3-struct_mem-20260410-185331-seed0,pick-place-v3,struct_mem,PD,60,0.26666666666666666,200.0,93.5701278355718,2.216666666666667,1.0,2.216666666666667,20,1,11.922990798950195,2026-04-10T18:53:43
runs/batch/smallpool_v3/mw-smallpool-20260410-184328/mw-pick-place-v3-struct_mem-20260410-185344-seed1,mw-pick-place-v3-struct_mem-20260410-185344-seed1,pick-place-v3,struct_mem,PD,60,0.2,200.0,71.19357589729307,2.1166666666666667,0.9833333333333333,2.1166666666666667,20,1,11.51290512084961,2026-04-10T18:53:56
runs/batch/smallpool_v3/mw-smallpool-20260410-184328/mw-pick-place-v3-struct_mem-20260410-185358-seed2,mw-pick-place-v3-struct_mem-20260410-185358-seed2,pick-place-v3,struct_mem,PD,60,0.18333333333333332,200.0,87.63983616750333,2.05,1.0,2.05,20,1,11.488304376602173,2026-04-10T18:54:09
runs/batch/smallpool_v3/mw-smallpool-20260410-184328/mw-pick-place-v3-struct_mem-20260410-185411-seed3,mw-pick-place-v3-struct_mem-20260410-185411-seed3,pick-place-v3,struct_mem,PD,60,0.25,200.0,87.94334448999147,2.15,1.0,2.15,20,1,11.587639093399048,2026-04-10T18:54:23
runs/batch/smallpool_v3/mw-smallpool-20260410-184328/mw-pick-place-v3-struct_mem-20260410-185424-seed4,mw-pick-place-v3-struct_mem-20260410-185424-seed4,pick-place-v3,struct_mem,PD,60,0.13333333333333333,200.0,73.55246764878345,2.3666666666666667,1.0,2.3666666666666667,20,1,11.571979761123657,2026-04-10T18:54:36
runs/batch/smallpool_v3/mw-smallpool-20260410-184328/mw-pick-place-v3-text_buf-20260410-185221-seed0,mw-pick-place-v3-text_buf-20260410-185221-seed0,pick-place-v3,text_buf,PD,60,0.21666666666666667,200.0,82.3277598744028,2.216666666666667,0.95,2.216666666666667,20,1,11.717048645019531,2026-04-10T18:52:32
runs/batch/smallpool_v3/mw-smallpool-20260410-184328/mw-pick-place-v3-text_buf-20260410-185234-seed1,mw-pick-place-v3-text_buf-20260410-185234-seed1,pick-place-v3,text_buf,PD,60,0.25,200.0,70.46012004205554,2.1,0.9166666666666666,2.1,20,1,12.205849647521973,2026-04-10T18:52:46
runs/batch/smallpool_v3/mw-smallpool-20260410-184328/mw-pick-place-v3-text_buf-20260410-185248-seed2,mw-pick-place-v3-text_buf-20260410-185248-seed2,pick-place-v3,text_buf,PD,60,0.16666666666666666,200.0,73.72308883081014,2.183333333333333,0.9333333333333333,2.183333333333333,20,1,12.399444818496704,2026-04-10T18:53:01
runs/batch/smallpool_v3/mw-smallpool-20260410-184328/mw-pick-place-v3-text_buf-20260410-185303-seed3,mw-pick-place-v3-text_buf-20260410-185303-seed3,pick-place-v3,text_buf,PD,60,0.23333333333333334,200.0,80.19512777993135,2.1166666666666667,0.95,2.1166666666666667,20,1,12.017966270446777,2026-04-10T18:53:15
runs/batch/smallpool_v3/mw-smallpool-20260410-184328/mw-pick-place-v3-text_buf-20260410-185316-seed4,mw-pick-place-v3-text_buf-20260410-185316-seed4,pick-place-v3,text_buf,PD,60,0.18333333333333332,200.0,78.37296729759366,2.283333333333333,0.95,2.283333333333333,20,1,12.400870084762573,2026-04-10T18:53:29
runs/batch/smallpool_v3/mw-smallpool-20260410-184328/mw-push-v3-no_mem-20260410-184532-seed0,mw-push-v3-no_mem-20260410-184532-seed0,push-v3,no_mem,PD,60,0.0,200.0,97.0741840945665,0.0,0.0,0.0,20,1,10.932018756866455,2026-04-10T18:45:43
runs/batch/smallpool_v3/mw-smallpool-20260410-184328/mw-push-v3-no_mem-20260410-184545-seed1,mw-push-v3-no_mem-20260410-184545-seed1,push-v3,no_mem,PD,60,0.0,200.0,77.10572565801684,0.0,0.0,0.0,20,1,10.772095918655396,2026-04-10T18:45:55
runs/batch/smallpool_v3/mw-smallpool-20260410-184328/mw-push-v3-no_mem-20260410-184557-seed2,mw-push-v3-no_mem-20260410-184557-seed2,push-v3,no_mem,PD,60,0.0,200.0,94.29980126732353,0.0,0.0,0.0,20,1,10.983479738235474,2026-04-10T18:46:08
runs/batch/smallpool_v3/mw-smallpool-20260410-184328/mw-push-v3-no_mem-20260410-184610-seed3,mw-push-v3-no_mem-20260410-184610-seed3,push-v3,no_mem,PD,60,0.0,200.0,73.19457295469034,0.0,0.0,0.0,20,1,11.212183237075806,2026-04-10T18:46:21
runs/batch/smallpool_v3/mw-smallpool-20260410-184328/mw-push-v3-no_mem-20260410-184623-seed4,mw-push-v3-no_mem-20260410-184623-seed4,push-v3,no_mem,PD,60,0.0,200.0,82.44875679157643,0.0,0.0,0.0,20,1,11.390844106674194,2026-04-10T18:46:34
runs/batch/smallpool_v3/mw-smallpool-20260410-184328/mw-push-v3-struct_mem-20260410-184744-seed0,mw-push-v3-struct_mem-20260410-184744-seed0,push-v3,struct_mem,PD,60,0.95,200.0,1409.4884040092031,0.0,0.0,0.0,20,1,11.188075542449951,2026-04-10T18:47:56
runs/batch/smallpool_v3/mw-smallpool-20260410-184328/mw-push-v3-struct_mem-20260410-184757-seed1,mw-push-v3-struct_mem-20260410-184757-seed1,push-v3,struct_mem,PD,60,0.3,200.0,432.62839997964454,0.0,0.0,0.0,20,1,11.019655466079712,2026-04-10T18:48:08
runs/batch/smallpool_v3/mw-smallpool-20260410-184328/mw-push-v3-struct_mem-20260410-184810-seed2,mw-push-v3-struct_mem-20260410-184810-seed2,push-v3,struct_mem,PD,60,0.9333333333333333,200.0,1386.4900645101707,0.0,0.0,0.0,20,1,11.85748815536499,2026-04-10T18:48:22
runs/batch/smallpool_v3/mw-smallpool-20260410-184328/mw-push-v3-struct_mem-20260410-184824-seed3,mw-push-v3-struct_mem-20260410-184824-seed3,push-v3,struct_mem,PD,60,0.43333333333333335,200.0,648.598548370626,0.0,0.0,0.0,20,1,11.338896989822388,2026-04-10T18:48:35
runs/batch/smallpool_v3/mw-smallpool-20260410-184328/mw-push-v3-struct_mem-20260410-184837-seed4,mw-push-v3-struct_mem-20260410-184837-seed4,push-v3,struct_mem,PD,60,0.6166666666666667,200.0,918.8235948341292,0.0,0.0,0.0,20,1,11.428828954696655,2026-04-10T18:48:48
runs/batch/smallpool_v3/mw-smallpool-20260410-184328/mw-push-v3-text_buf-20260410-184636-seed0,mw-push-v3-text_buf-20260410-184636-seed0,push-v3,text_buf,PD,60,0.95,200.0,1409.5598077491013,0.0,0.0,0.0,20,1,11.44515061378479,2026-04-10T18:46:48
runs/batch/smallpool_v3/mw-smallpool-20260410-184328/mw-push-v3-text_buf-20260410-184650-seed1,mw-push-v3-text_buf-20260410-184650-seed1,push-v3,text_buf,PD,60,0.3,200.0,431.517562011406,0.0,0.0,0.0,20,1,12.053224325180054,2026-04-10T18:47:02
runs/batch/smallpool_v3/mw-smallpool-20260410-184328/mw-push-v3-text_buf-20260410-184703-seed2,mw-push-v3-text_buf-20260410-184703-seed2,push-v3,text_buf,PD,60,0.9333333333333333,200.0,1386.4513279889838,0.0,0.0,0.0,20,1,12.027743101119995,2026-04-10T18:47:15
runs/batch/smallpool_v3/mw-smallpool-20260410-184328/mw-push-v3-text_buf-20260410-184717-seed3,mw-push-v3-text_buf-20260410-184717-seed3,push-v3,text_buf,PD,60,0.5,200.0,691.5695811297509,0.0,0.0,0.0,20,1,11.928216218948364,2026-04-10T18:47:29
runs/batch/smallpool_v3/mw-smallpool-20260410-184328/mw-push-v3-text_buf-20260410-184731-seed4,mw-push-v3-text_buf-20260410-184731-seed4,push-v3,text_buf,PD,60,0.65,200.0,934.7478549307356,0.0,0.0,0.0,20,1,11.461127042770386,2026-04-10T18:47:43
runs/batch/smallpool_v3/mw-smallpool-20260410-184328/mw-reach-v3-no_mem-20260410-184330-seed0,mw-reach-v3-no_mem-20260410-184330-seed0,reach-v3,no_mem,PD,60,0.0,200.0,483.23685201497443,0.0,0.0,0.0,20,1,6.537735462188721,2026-04-10T18:43:36
runs/batch/smallpool_v3/mw-smallpool-20260410-184328/mw-reach-v3-no_mem-20260410-184338-seed1,mw-reach-v3-no_mem-20260410-184338-seed1,reach-v3,no_mem,PD,60,0.0,200.0,565.2968177316598,0.0,0.0,0.0,20,1,6.180169582366943,2026-04-10T18:43:44
runs/batch/smallpool_v3/mw-smallpool-20260410-184328/mw-reach-v3-no_mem-20260410-184346-seed2,mw-reach-v3-no_mem-20260410-184346-seed2,reach-v3,no_mem,PD,60,0.0,200.0,522.1413005452539,0.0,0.0,0.0,20,1,6.188416242599487,2026-04-10T18:43:52
runs/batch/smallpool_v3/mw-smallpool-20260410-184328/mw-reach-v3-no_mem-20260410-184354-seed3,mw-reach-v3-no_mem-20260410-184354-seed3,reach-v3,no_mem,PD,60,0.0,200.0,754.5223518690743,0.0,0.0,0.0,20,1,6.012789726257324,2026-04-10T18:44:00
runs/batch/smallpool_v3/mw-smallpool-20260410-184328/mw-reach-v3-no_mem-20260410-184402-seed4,mw-reach-v3-no_mem-20260410-184402-seed4,reach-v3,no_mem,PD,60,0.0,200.0,542.2937101978349,0.0,0.0,0.0,20,1,6.257736682891846,2026-04-10T18:44:08
runs/batch/smallpool_v3/mw-smallpool-20260410-184328/mw-reach-v3-struct_mem-20260410-184451-seed0,mw-reach-v3-struct_mem-20260410-184451-seed0,reach-v3,struct_mem,PD,60,0.6,200.0,1821.9333432856629,0.0,0.0,0.0,20,1,6.637136697769165,2026-04-10T18:44:58
runs/batch/smallpool_v3/mw-smallpool-20260410-184328/mw-reach-v3-struct_mem-20260410-184500-seed1,mw-reach-v3-struct_mem-20260410-184500-seed1,reach-v3,struct_mem,PD,60,0.6833333333333333,200.0,1848.4575675494368,0.0,0.0,0.0,20,1,6.311826467514038,2026-04-10T18:45:06
runs/batch/smallpool_v3/mw-smallpool-20260410-184328/mw-reach-v3-struct_mem-20260410-184508-seed2,mw-reach-v3-struct_mem-20260410-184508-seed2,reach-v3,struct_mem,PD,60,0.7333333333333333,200.0,1833.373436376135,0.0,0.0,0.0,20,1,6.367745876312256,2026-04-10T18:45:14
runs/batch/smallpool_v3/mw-smallpool-20260410-184328/mw-reach-v3-struct_mem-20260410-184516-seed3,mw-reach-v3-struct_mem-20260410-184516-seed3,reach-v3,struct_mem,PD,60,0.6833333333333333,200.0,1857.2648375465503,0.0,0.0,0.0,20,1,6.293914556503296,2026-04-10T18:45:22
runs/batch/smallpool_v3/mw-smallpool-20260410-184328/mw-reach-v3-struct_mem-20260410-184524-seed4,mw-reach-v3-struct_mem-20260410-184524-seed4,reach-v3,struct_mem,PD,60,0.7833333333333333,200.0,1839.2805249164567,0.0,0.0,0.0,20,1,6.390271425247192,2026-04-10T18:45:30
runs/batch/smallpool_v3/mw-smallpool-20260410-184328/mw-reach-v3-text_buf-20260410-184410-seed0,mw-reach-v3-text_buf-20260410-184410-seed0,reach-v3,text_buf,PD,60,0.6,200.0,1821.9333432856629,0.0,0.0,0.0,20,1,6.420798301696777,2026-04-10T18:44:16
runs/batch/smallpool_v3/mw-smallpool-20260410-184328/mw-reach-v3-text_buf-20260410-184418-seed1,mw-reach-v3-text_buf-20260410-184418-seed1,reach-v3,text_buf,PD,60,0.6833333333333333,200.0,1848.4575675494368,0.0,0.0,0.0,20,1,6.315606117248535,2026-04-10T18:44:24
runs/batch/smallpool_v3/mw-smallpool-20260410-184328/mw-reach-v3-text_buf-20260410-184426-seed2,mw-reach-v3-text_buf-20260410-184426-seed2,reach-v3,text_buf,PD,60,0.7333333333333333,200.0,1833.373436376135,0.0,0.0,0.0,20,1,6.845873594284058,2026-04-10T18:44:33
runs/batch/smallpool_v3/mw-smallpool-20260410-184328/mw-reach-v3-text_buf-20260410-184435-seed3,mw-reach-v3-text_buf-20260410-184435-seed3,reach-v3,text_buf,PD,60,0.6833333333333333,200.0,1857.2648375465503,0.0,0.0,0.0,20,1,6.341190338134766,2026-04-10T18:44:41
runs/batch/smallpool_v3/mw-smallpool-20260410-184328/mw-reach-v3-text_buf-20260410-184443-seed4,mw-reach-v3-text_buf-20260410-184443-seed4,reach-v3,text_buf,PD,60,0.7833333333333333,200.0,1839.2805249164567,0.0,0.0,0.0,20,1,6.394256591796875,2026-04-10T18:44:49
runs/flash_every_ablation/flash_10/mw-pick-place-v3-no_mem-20260413-113054-seed0,mw-pick-place-v3-no_mem-20260413-113054-seed0,pick-place-v3,no_mem,PD,60,0.0,200.0,249.02403056427772,0.0,0.0,0.0,10,1,12.579371690750122,2026-04-13T11:31:07
runs/flash_every_ablation/flash_10/mw-pick-place-v3-no_mem-20260413-113108-seed1,mw-pick-place-v3-no_mem-20260413-113108-seed1,pick-place-v3,no_mem,PD,60,0.0,200.0,243.575929672147,0.0,0.0,0.0,10,1,12.25609278678894,2026-04-13T11:31:21
runs/flash_every_ablation/flash_10/mw-pick-place-v3-no_mem-20260413-113123-seed2,mw-pick-place-v3-no_mem-20260413-113123-seed2,pick-place-v3,no_mem,PD,60,0.0,200.0,251.8338054566207,0.0,0.0,0.0,10,1,12.55240535736084,2026-04-13T11:31:35
runs/flash_every_ablation/flash_10/mw-pick-place-v3-no_mem-20260413-121606-seed3,mw-pick-place-v3-no_mem-20260413-121606-seed3,pick-place-v3,no_mem,PD,60,0.0,200.0,246.52031410839052,0.0,0.0,0.0,10,1,12.506314277648926,2026-04-13T12:16:19
runs/flash_every_ablation/flash_10/mw-pick-place-v3-no_mem-20260413-121621-seed4,mw-pick-place-v3-no_mem-20260413-121621-seed4,pick-place-v3,no_mem,PD,60,0.0,200.0,168.5269459059287,0.0,0.0,0.0,10,1,11.913220643997192,2026-04-13T12:16:32
runs/flash_every_ablation/flash_10/mw-pick-place-v3-struct_mem-20260413-113219-seed0,mw-pick-place-v3-struct_mem-20260413-113219-seed0,pick-place-v3,struct_mem,PD,60,0.65,200.0,116.78562025393109,0.0,0.9833333333333333,0.0,10,1,11.313425540924072,2026-04-13T11:32:30
runs/flash_every_ablation/flash_10/mw-pick-place-v3-struct_mem-20260413-113232-seed1,mw-pick-place-v3-struct_mem-20260413-113232-seed1,pick-place-v3,struct_mem,PD,60,0.6666666666666666,200.0,94.06582154876689,0.0,0.9666666666666667,0.0,10,1,11.356379508972168,2026-04-13T11:32:43
runs/flash_every_ablation/flash_10/mw-pick-place-v3-struct_mem-20260413-113245-seed2,mw-pick-place-v3-struct_mem-20260413-113245-seed2,pick-place-v3,struct_mem,PD,60,0.8,200.0,133.5364219895891,0.0,1.0,0.0,10,1,11.575884580612183,2026-04-13T11:32:57
runs/flash_every_ablation/flash_10/mw-pick-place-v3-struct_mem-20260413-121701-seed3,mw-pick-place-v3-struct_mem-20260413-121701-seed3,pick-place-v3,struct_mem,PD,60,0.8,200.0,136.19265197061296,0.0,0.95,0.0,10,1,12.145932674407959,2026-04-13T12:17:13
runs/flash_every_ablation/flash_10/mw-pick-place-v3-struct_mem-20260413-121715-seed4,mw-pick-place-v3-struct_mem-20260413-121715-seed4,pick-place-v3,struct_mem,PD,60,0.7666666666666667,200.0,174.98655194822697,0.0,0.9666666666666667,0.0,10,1,11.590394973754883,2026-04-13T12:17:27
runs/flash_every_ablation/flash_10/mw-pick-place-v3-text_buf-20260413-113137-seed0,mw-pick-place-v3-text_buf-20260413-113137-seed0,pick-place-v3,text_buf,PD,60,0.65,200.0,117.9225559986008,0.0,0.9833333333333333,0.0,10,1,11.91056752204895,2026-04-13T11:31:49
runs/flash_every_ablation/flash_10/mw-pick-place-v3-text_buf-20260413-113151-seed1,mw-pick-place-v3-text_buf-20260413-113151-seed1,pick-place-v3,text_buf,PD,60,0.6666666666666666,200.0,94.12223629612699,0.0,0.9833333333333333,0.0,10,1,11.964025735855103,2026-04-13T11:32:03
runs/flash_every_ablation/flash_10/mw-pick-place-v3-text_buf-20260413-113205-seed2,mw-pick-place-v3-text_buf-20260413-113205-seed2,pick-place-v3,text_buf,PD,60,0.8,200.0,133.51656447938004,0.0,1.0,0.0,10,1,12.172598361968994,2026-04-13T11:32:17
runs/flash_every_ablation/flash_10/mw-pick-place-v3-text_buf-20260413-121634-seed3,mw-pick-place-v3-text_buf-20260413-121634-seed3,pick-place-v3,text_buf,PD,60,0.8,200.0,136.11603186919427,0.0,1.0,0.0,10,1,11.417300939559937,2026-04-13T12:16:46
runs/flash_every_ablation/flash_10/mw-pick-place-v3-text_buf-20260413-121648-seed4,mw-pick-place-v3-text_buf-20260413-121648-seed4,pick-place-v3,text_buf,PD,60,0.7666666666666667,200.0,174.44896831244677,0.0,0.9666666666666667,0.0,10,1,11.955807447433472,2026-04-13T12:16:59
runs/flash_every_ablation/flash_10/mw-push-v3-no_mem-20260413-112854-seed0,mw-push-v3-no_mem-20260413-112854-seed0,push-v3,no_mem,PD,60,0.13333333333333333,200.0,134.17222401406764,0.0,0.0,0.0,10,1,12.057171106338501,2026-04-13T11:29:06
runs/flash_every_ablation/flash_10/mw-push-v3-no_mem-20260413-112908-seed1,mw-push-v3-no_mem-20260413-112908-seed1,push-v3,no_mem,PD,60,0.15,200.0,133.90010488403368,0.0,0.0,0.0,10,1,10.895545721054077,2026-04-13T11:29:19
runs/flash_every_ablation/flash_10/mw-push-v3-no_mem-20260413-112921-seed2,mw-push-v3-no_mem-20260413-112921-seed2,push-v3,no_mem,PD,60,0.05,200.0,125.70492717893602,0.0,0.0,0.0,10,1,11.780250787734985,2026-04-13T11:29:32
runs/flash_every_ablation/flash_10/mw-push-v3-no_mem-20260413-121444-seed3,mw-push-v3-no_mem-20260413-121444-seed3,push-v3,no_mem,PD,60,0.2,200.0,100.84579147996894,0.0,0.0,0.0,10,1,11.468296766281128,2026-04-13T12:14:55
runs/flash_every_ablation/flash_10/mw-push-v3-no_mem-20260413-121457-seed4,mw-push-v3-no_mem-20260413-121457-seed4,push-v3,no_mem,PD,60,0.0,200.0,80.88776966282305,0.0,0.0,0.0,10,1,11.581829309463501,2026-04-13T12:15:09
runs/flash_every_ablation/flash_10/mw-push-v3-struct_mem-20260413-113014-seed0,mw-push-v3-struct_mem-20260413-113014-seed0,push-v3,struct_mem,PD,60,0.9166666666666666,200.0,1359.962814304432,0.0,0.0,0.0,10,1,11.335980653762817,2026-04-13T11:30:25
runs/flash_every_ablation/flash_10/mw-push-v3-struct_mem-20260413-113027-seed1,mw-push-v3-struct_mem-20260413-113027-seed1,push-v3,struct_mem,PD,60,0.35,200.0,479.17372632629446,0.0,0.0,0.0,10,1,11.693015575408936,2026-04-13T11:30:39
runs/flash_every_ablation/flash_10/mw-push-v3-struct_mem-20260413-113041-seed2,mw-push-v3-struct_mem-20260413-113041-seed2,push-v3,struct_mem,PD,60,0.9333333333333333,200.0,1448.0245573825302,0.0,0.0,0.0,10,1,11.314267873764038,2026-04-13T11:30:52
runs/flash_every_ablation/flash_10/mw-push-v3-struct_mem-20260413-121538-seed3,mw-push-v3-struct_mem-20260413-121538-seed3,push-v3,struct_mem,PD,60,0.4,200.0,618.1438500771411,0.0,0.0,0.0,10,1,12.226490259170532,2026-04-13T12:15:51
runs/flash_every_ablation/flash_10/mw-push-v3-struct_mem-20260413-121552-seed4,mw-push-v3-struct_mem-20260413-121552-seed4,push-v3,struct_mem,PD,60,0.6333333333333333,200.0,938.9848422310012,0.0,0.0,0.0,10,1,11.983323812484741,2026-04-13T12:16:04
runs/flash_every_ablation/flash_10/mw-push-v3-text_buf-20260413-112934-seed0,mw-push-v3-text_buf-20260413-112934-seed0,push-v3,text_buf,PD,60,0.9166666666666666,200.0,1360.0995538905966,0.0,0.0,0.0,10,1,11.140970230102539,2026-04-13T11:29:45
runs/flash_every_ablation/flash_10/mw-push-v3-text_buf-20260413-112947-seed1,mw-push-v3-text_buf-20260413-112947-seed1,push-v3,text_buf,PD,60,0.36666666666666664,200.0,479.6570288871681,0.0,0.0,0.0,10,1,12.044464111328125,2026-04-13T11:29:59
runs/flash_every_ablation/flash_10/mw-push-v3-text_buf-20260413-113001-seed2,mw-push-v3-text_buf-20260413-113001-seed2,push-v3,text_buf,PD,60,0.9333333333333333,200.0,1448.0245573825302,0.0,0.0,0.0,10,1,11.294939756393433,2026-04-13T11:30:12
runs/flash_every_ablation/flash_10/mw-push-v3-text_buf-20260413-121510-seed3,mw-push-v3-text_buf-20260413-121510-seed3,push-v3,text_buf,PD,60,0.45,200.0,638.7830097574965,0.0,0.0,0.0,10,1,12.374325275421143,2026-04-13T12:15:23
runs/flash_every_ablation/flash_10/mw-push-v3-text_buf-20260413-121525-seed4,mw-push-v3-text_buf-20260413-121525-seed4,push-v3,text_buf,PD,60,0.6666666666666666,200.0,956.9594208997075,0.0,0.0,0.0,10,1,11.86617136001587,2026-04-13T12:15:37
runs/flash_every_ablation/flash_10/mw-reach-v3-no_mem-20260413-112738-seed0,mw-reach-v3-no_mem-20260413-112738-seed0,reach-v3,no_mem,PD,60,0.0,200.0,826.893270121903,0.0,0.0,0.0,10,1,6.042024850845337,2026-04-13T11:27:44
runs/flash_every_ablation/flash_10/mw-reach-v3-no_mem-20260413-112746-seed1,mw-reach-v3-no_mem-20260413-112746-seed1,reach-v3,no_mem,PD,60,0.0,200.0,1017.2065642205366,0.0,0.0,0.0,10,1,6.498448610305786,2026-04-13T11:27:53
runs/flash_every_ablation/flash_10/mw-reach-v3-no_mem-20260413-112754-seed2,mw-reach-v3-no_mem-20260413-112754-seed2,reach-v3,no_mem,PD,60,0.0,200.0,916.974504546484,0.0,0.0,0.0,10,1,6.568932294845581,2026-04-13T11:28:01
runs/flash_every_ablation/flash_10/mw-reach-v3-no_mem-20260413-121352-seed3,mw-reach-v3-no_mem-20260413-121352-seed3,reach-v3,no_mem,PD,60,0.2,200.0,1261.1932888307892,0.0,0.0,0.0,10,1,6.731946706771851,2026-04-13T12:13:59
runs/flash_every_ablation/flash_10/mw-reach-v3-no_mem-20260413-121400-seed4,mw-reach-v3-no_mem-20260413-121400-seed4,reach-v3,no_mem,PD,60,0.0,200.0,897.3478550620986,0.0,0.0,0.0,10,1,6.702696323394775,2026-04-13T12:14:07
runs/flash_every_ablation/flash_10/mw-reach-v3-struct_mem-20260413-112828-seed0,mw-reach-v3-struct_mem-20260413-112828-seed0,reach-v3,struct_mem,PD,60,0.6333333333333333,200.0,1826.9709210646222,0.0,0.0,0.0,10,1,6.7746241092681885,2026-04-13T11:28:35
runs/flash_every_ablation/flash_10/mw-reach-v3-struct_mem-20260413-112837-seed1,mw-reach-v3-struct_mem-20260413-112837-seed1,reach-v3,struct_mem,PD,60,0.8166666666666667,200.0,1850.4455946909375,0.0,0.0,0.0,10,1,6.759793043136597,2026-04-13T11:28:43
runs/flash_every_ablation/flash_10/mw-reach-v3-struct_mem-20260413-112845-seed2,mw-reach-v3-struct_mem-20260413-112845-seed2,reach-v3,struct_mem,PD,60,0.7666666666666667,200.0,1838.0082721130468,0.0,0.0,0.0,10,1,6.9807634353637695,2026-04-13T11:28:52
runs/flash_every_ablation/flash_10/mw-reach-v3-struct_mem-20260413-121427-seed3,mw-reach-v3-struct_mem-20260413-121427-seed3,reach-v3,struct_mem,PD,60,0.6166666666666667,200.0,1856.3851174714155,0.0,0.0,0.0,10,1,6.532447814941406,2026-04-13T12:14:33
runs/flash_every_ablation/flash_10/mw-reach-v3-struct_mem-20260413-121435-seed4,mw-reach-v3-struct_mem-20260413-121435-seed4,reach-v3,struct_mem,PD,60,0.85,200.0,1840.7875422706884,0.0,0.0,0.0,10,1,6.788311243057251,2026-04-13T12:14:42
runs/flash_every_ablation/flash_10/mw-reach-v3-text_buf-20260413-112803-seed0,mw-reach-v3-text_buf-20260413-112803-seed0,reach-v3,text_buf,PD,60,0.6333333333333333,200.0,1826.9709210646222,0.0,0.0,0.0,10,1,6.382441997528076,2026-04-13T11:28:09
runs/flash_every_ablation/flash_10/mw-reach-v3-text_buf-20260413-112811-seed1,mw-reach-v3-text_buf-20260413-112811-seed1,reach-v3,text_buf,PD,60,0.8166666666666667,200.0,1850.4455946909375,0.0,0.0,0.0,10,1,6.699787855148315,2026-04-13T11:28:18
runs/flash_every_ablation/flash_10/mw-reach-v3-text_buf-20260413-112820-seed2,mw-reach-v3-text_buf-20260413-112820-seed2,reach-v3,text_buf,PD,60,0.7666666666666667,200.0,1838.0082721130468,0.0,0.0,0.0,10,1,6.652527093887329,2026-04-13T11:28:26
runs/flash_every_ablation/flash_10/mw-reach-v3-text_buf-20260413-121409-seed3,mw-reach-v3-text_buf-20260413-121409-seed3,reach-v3,text_buf,PD,60,0.6166666666666667,200.0,1856.3851174714155,0.0,0.0,0.0,10,1,7.114681959152222,2026-04-13T12:14:16
runs/flash_every_ablation/flash_10/mw-reach-v3-text_buf-20260413-121418-seed4,mw-reach-v3-text_buf-20260413-121418-seed4,reach-v3,text_buf,PD,60,0.85,200.0,1840.7875422706884,0.0,0.0,0.0,10,1,6.839695453643799,2026-04-13T12:14:25
runs/flash_every_ablation/flash_20/mw-pick-place-v3-no_mem-20260413-113615-seed0,mw-pick-place-v3-no_mem-20260413-113615-seed0,pick-place-v3,no_mem,PD,60,0.0,200.0,242.5678225779208,0.0,0.0,0.0,20,1,12.109421014785767,2026-04-13T11:36:27
runs/flash_every_ablation/flash_20/mw-pick-place-v3-no_mem-20260413-113629-seed1,mw-pick-place-v3-no_mem-20260413-113629-seed1,pick-place-v3,no_mem,PD,60,0.0,200.0,234.6454790359674,0.0,0.0,0.0,20,1,11.755375385284424,2026-04-13T11:36:41
runs/flash_every_ablation/flash_20/mw-pick-place-v3-no_mem-20260413-113642-seed2,mw-pick-place-v3-no_mem-20260413-113642-seed2,pick-place-v3,no_mem,PD,60,0.0,200.0,246.15754976014475,0.0,0.0,0.0,20,1,11.821214199066162,2026-04-13T11:36:54
runs/flash_every_ablation/flash_20/mw-pick-place-v3-no_mem-20260413-121939-seed3,mw-pick-place-v3-no_mem-20260413-121939-seed3,pick-place-v3,no_mem,PD,60,0.0,200.0,238.86639645877815,0.0,0.0,0.0,20,1,12.48910641670227,2026-04-13T12:19:51
runs/flash_every_ablation/flash_20/mw-pick-place-v3-no_mem-20260413-121953-seed4,mw-pick-place-v3-no_mem-20260413-121953-seed4,pick-place-v3,no_mem,PD,60,0.0,200.0,165.6790479986089,0.0,0.0,0.0,20,1,11.98578405380249,2026-04-13T12:20:05
runs/flash_every_ablation/flash_20/mw-pick-place-v3-struct_mem-20260413-113738-seed0,mw-pick-place-v3-struct_mem-20260413-113738-seed0,pick-place-v3,struct_mem,PD,60,0.6166666666666667,200.0,121.44783224485857,0.0,0.9833333333333333,0.0,20,1,11.63200068473816,2026-04-13T11:37:49
runs/flash_every_ablation/flash_20/mw-pick-place-v3-struct_mem-20260413-113751-seed1,mw-pick-place-v3-struct_mem-20260413-113751-seed1,pick-place-v3,struct_mem,PD,60,0.7,200.0,95.39488046379275,0.0,0.9666666666666667,0.0,20,1,12.070166110992432,2026-04-13T11:38:03
runs/flash_every_ablation/flash_20/mw-pick-place-v3-struct_mem-20260413-113805-seed2,mw-pick-place-v3-struct_mem-20260413-113805-seed2,pick-place-v3,struct_mem,PD,60,0.8333333333333334,200.0,136.84221790260634,0.0,1.0,0.0,20,1,11.746345520019531,2026-04-13T11:38:17
runs/flash_every_ablation/flash_20/mw-pick-place-v3-struct_mem-20260413-122033-seed3,mw-pick-place-v3-struct_mem-20260413-122033-seed3,pick-place-v3,struct_mem,PD,60,0.8,200.0,133.71303074115107,0.0,0.95,0.0,20,1,11.234492540359497,2026-04-13T12:20:45
runs/flash_every_ablation/flash_20/mw-pick-place-v3-struct_mem-20260413-122047-seed4,mw-pick-place-v3-struct_mem-20260413-122047-seed4,pick-place-v3,struct_mem,PD,60,0.7333333333333333,200.0,172.9815047345279,0.0,0.9666666666666667,0.0,20,1,11.690396785736084,2026-04-13T12:20:58
runs/flash_every_ablation/flash_20/mw-pick-place-v3-text_buf-20260413-113656-seed0,mw-pick-place-v3-text_buf-20260413-113656-seed0,pick-place-v3,text_buf,PD,60,0.6166666666666667,200.0,121.80301293120193,0.0,0.9833333333333333,0.0,20,1,11.855625867843628,2026-04-13T11:37:08
runs/flash_every_ablation/flash_20/mw-pick-place-v3-text_buf-20260413-113710-seed1,mw-pick-place-v3-text_buf-20260413-113710-seed1,pick-place-v3,text_buf,PD,60,0.7,200.0,95.58495148309134,0.0,0.9833333333333333,0.0,20,1,11.619257926940918,2026-04-13T11:37:21
runs/flash_every_ablation/flash_20/mw-pick-place-v3-text_buf-20260413-113723-seed2,mw-pick-place-v3-text_buf-20260413-113723-seed2,pick-place-v3,text_buf,PD,60,0.8333333333333334,200.0,136.82057011615368,0.0,1.0,0.0,20,1,12.45020079612732,2026-04-13T11:37:36
runs/flash_every_ablation/flash_20/mw-pick-place-v3-text_buf-20260413-122007-seed3,mw-pick-place-v3-text_buf-20260413-122007-seed3,pick-place-v3,text_buf,PD,60,0.8,200.0,133.63800660378388,0.0,1.0,0.0,20,1,11.481175661087036,2026-04-13T12:20:19
runs/flash_every_ablation/flash_20/mw-pick-place-v3-text_buf-20260413-122020-seed4,mw-pick-place-v3-text_buf-20260413-122020-seed4,pick-place-v3,text_buf,PD,60,0.7333333333333333,200.0,172.6379883497758,0.0,0.9666666666666667,0.0,20,1,11.3225679397583,2026-04-13T12:20:32
runs/flash_every_ablation/flash_20/mw-push-v3-no_mem-20260413-113413-seed0,mw-push-v3-no_mem-20260413-113413-seed0,push-v3,no_mem,PD,60,0.0,200.0,97.0741840945665,0.0,0.0,0.0,20,1,11.987641334533691,2026-04-13T11:34:25
runs/flash_every_ablation/flash_20/mw-push-v3-no_mem-20260413-113427-seed1,mw-push-v3-no_mem-20260413-113427-seed1,push-v3,no_mem,PD,60,0.0,200.0,77.10572565801684,0.0,0.0,0.0,20,1,11.67309021949768,2026-04-13T11:34:38
runs/flash_every_ablation/flash_20/mw-push-v3-no_mem-20260413-113440-seed2,mw-push-v3-no_mem-20260413-113440-seed2,push-v3,no_mem,PD,60,0.0,200.0,94.29980126732353,0.0,0.0,0.0,20,1,11.68727445602417,2026-04-13T11:34:52
runs/flash_every_ablation/flash_20/mw-push-v3-no_mem-20260413-121818-seed3,mw-push-v3-no_mem-20260413-121818-seed3,push-v3,no_mem,PD,60,0.0,200.0,73.19457295469034,0.0,0.0,0.0,20,1,11.226168155670166,2026-04-13T12:18:29
runs/flash_every_ablation/flash_20/mw-push-v3-no_mem-20260413-121831-seed4,mw-push-v3-no_mem-20260413-121831-seed4,push-v3,no_mem,PD,60,0.0,200.0,82.44875679157643,0.0,0.0,0.0,20,1,11.671533346176147,2026-04-13T12:18:42
runs/flash_every_ablation/flash_20/mw-push-v3-struct_mem-20260413-113535-seed0,mw-push-v3-struct_mem-20260413-113535-seed0,push-v3,struct_mem,PD,60,0.95,200.0,1409.4884040092031,0.0,0.0,0.0,20,1,11.880153179168701,2026-04-13T11:35:47
runs/flash_every_ablation/flash_20/mw-push-v3-struct_mem-20260413-113549-seed1,mw-push-v3-struct_mem-20260413-113549-seed1,push-v3,struct_mem,PD,60,0.3,200.0,432.62839997964454,0.0,0.0,0.0,20,1,11.25913691520691,2026-04-13T11:36:00
runs/flash_every_ablation/flash_20/mw-push-v3-struct_mem-20260413-113602-seed2,mw-push-v3-struct_mem-20260413-113602-seed2,push-v3,struct_mem,PD,60,0.9333333333333333,200.0,1386.4900645101707,0.0,0.0,0.0,20,1,11.32393765449524,2026-04-13T11:36:13
runs/flash_every_ablation/flash_20/mw-push-v3-struct_mem-20260413-121911-seed3,mw-push-v3-struct_mem-20260413-121911-seed3,push-v3,struct_mem,PD,60,0.43333333333333335,200.0,648.598548370626,0.0,0.0,0.0,20,1,12.032932996749878,2026-04-13T12:19:23
runs/flash_every_ablation/flash_20/mw-push-v3-struct_mem-20260413-121925-seed4,mw-push-v3-struct_mem-20260413-121925-seed4,push-v3,struct_mem,PD,60,0.6166666666666667,200.0,918.8235948341292,0.0,0.0,0.0,20,1,11.9712233543396,2026-04-13T12:19:37
runs/flash_every_ablation/flash_20/mw-push-v3-text_buf-20260413-113454-seed0,mw-push-v3-text_buf-20260413-113454-seed0,push-v3,text_buf,PD,60,0.95,200.0,1409.5598077491013,0.0,0.0,0.0,20,1,12.172945737838745,2026-04-13T11:35:06
runs/flash_every_ablation/flash_20/mw-push-v3-text_buf-20260413-113508-seed1,mw-push-v3-text_buf-20260413-113508-seed1,push-v3,text_buf,PD,60,0.3,200.0,431.517562011406,0.0,0.0,0.0,20,1,12.293790340423584,2026-04-13T11:35:20
runs/flash_every_ablation/flash_20/mw-push-v3-text_buf-20260413-113522-seed2,mw-push-v3-text_buf-20260413-113522-seed2,push-v3,text_buf,PD,60,0.9333333333333333,200.0,1386.4513279889838,0.0,0.0,0.0,20,1,11.470988035202026,2026-04-13T11:35:33
runs/flash_every_ablation/flash_20/mw-push-v3-text_buf-20260413-121844-seed3,mw-push-v3-text_buf-20260413-121844-seed3,push-v3,text_buf,PD,60,0.5,200.0,691.5695811297509,0.0,0.0,0.0,20,1,11.358938694000244,2026-04-13T12:18:55
runs/flash_every_ablation/flash_20/mw-push-v3-text_buf-20260413-121857-seed4,mw-push-v3-text_buf-20260413-121857-seed4,push-v3,text_buf,PD,60,0.65,200.0,934.7478549307356,0.0,0.0,0.0,20,1,11.970827102661133,2026-04-13T12:19:09
runs/flash_every_ablation/flash_20/mw-reach-v3-no_mem-20260413-113258-seed0,mw-reach-v3-no_mem-20260413-113258-seed0,reach-v3,no_mem,PD,60,0.0,200.0,483.23685201497443,0.0,0.0,0.0,20,1,6.056020021438599,2026-04-13T11:33:04
runs/flash_every_ablation/flash_20/mw-reach-v3-no_mem-20260413-113306-seed1,mw-reach-v3-no_mem-20260413-113306-seed1,reach-v3,no_mem,PD,60,0.0,200.0,565.2968177316598,0.0,0.0,0.0,20,1,6.168485641479492,2026-04-13T11:33:12
runs/flash_every_ablation/flash_20/mw-reach-v3-no_mem-20260413-113314-seed2,mw-reach-v3-no_mem-20260413-113314-seed2,reach-v3,no_mem,PD,60,0.0,200.0,522.1413005452539,0.0,0.0,0.0,20,1,6.326128244400024,2026-04-13T11:33:21
runs/flash_every_ablation/flash_20/mw-reach-v3-no_mem-20260413-121729-seed3,mw-reach-v3-no_mem-20260413-121729-seed3,reach-v3,no_mem,PD,60,0.0,200.0,754.5223518690743,0.0,0.0,0.0,20,1,6.330233812332153,2026-04-13T12:17:35
runs/flash_every_ablation/flash_20/mw-reach-v3-no_mem-20260413-121737-seed4,mw-reach-v3-no_mem-20260413-121737-seed4,reach-v3,no_mem,PD,60,0.0,200.0,542.2937101978349,0.0,0.0,0.0,20,1,6.401647329330444,2026-04-13T12:17:43
runs/flash_every_ablation/flash_20/mw-reach-v3-struct_mem-20260413-113347-seed0,mw-reach-v3-struct_mem-20260413-113347-seed0,reach-v3,struct_mem,PD,60,0.6,200.0,1821.9333432856629,0.0,0.0,0.0,20,1,6.495998382568359,2026-04-13T11:33:54
runs/flash_every_ablation/flash_20/mw-reach-v3-struct_mem-20260413-113355-seed1,mw-reach-v3-struct_mem-20260413-113355-seed1,reach-v3,struct_mem,PD,60,0.6833333333333333,200.0,1848.4575675494368,0.0,0.0,0.0,20,1,6.846542119979858,2026-04-13T11:34:02
runs/flash_every_ablation/flash_20/mw-reach-v3-struct_mem-20260413-113404-seed2,mw-reach-v3-struct_mem-20260413-113404-seed2,reach-v3,struct_mem,PD,60,0.7333333333333333,200.0,1833.373436376135,0.0,0.0,0.0,20,1,6.750360012054443,2026-04-13T11:34:11
runs/flash_every_ablation/flash_20/mw-reach-v3-struct_mem-20260413-121801-seed3,mw-reach-v3-struct_mem-20260413-121801-seed3,reach-v3,struct_mem,PD,60,0.6833333333333333,200.0,1857.2648375465503,0.0,0.0,0.0,20,1,6.359547138214111,2026-04-13T12:18:08
runs/flash_every_ablation/flash_20/mw-reach-v3-struct_mem-20260413-121809-seed4,mw-reach-v3-struct_mem-20260413-121809-seed4,reach-v3,struct_mem,PD,60,0.7833333333333333,200.0,1839.2805249164567,0.0,0.0,0.0,20,1,6.45974326133728,2026-04-13T12:18:16
runs/flash_every_ablation/flash_20/mw-reach-v3-text_buf-20260413-113322-seed0,mw-reach-v3-text_buf-20260413-113322-seed0,reach-v3,text_buf,PD,60,0.6,200.0,1821.9333432856629,0.0,0.0,0.0,20,1,6.385404348373413,2026-04-13T11:33:29
runs/flash_every_ablation/flash_20/mw-reach-v3-text_buf-20260413-113331-seed1,mw-reach-v3-text_buf-20260413-113331-seed1,reach-v3,text_buf,PD,60,0.6833333333333333,200.0,1848.4575675494368,0.0,0.0,0.0,20,1,6.396782636642456,2026-04-13T11:33:37
runs/flash_every_ablation/flash_20/mw-reach-v3-text_buf-20260413-113339-seed2,mw-reach-v3-text_buf-20260413-113339-seed2,reach-v3,text_buf,PD,60,0.7333333333333333,200.0,1833.373436376135,0.0,0.0,0.0,20,1,6.567278623580933,2026-04-13T11:33:45
runs/flash_every_ablation/flash_20/mw-reach-v3-text_buf-20260413-121745-seed3,mw-reach-v3-text_buf-20260413-121745-seed3,reach-v3,text_buf,PD,60,0.6833333333333333,200.0,1857.2648375465503,0.0,0.0,0.0,20,1,6.229504108428955,2026-04-13T12:17:51
runs/flash_every_ablation/flash_20/mw-reach-v3-text_buf-20260413-121753-seed4,mw-reach-v3-text_buf-20260413-121753-seed4,reach-v3,text_buf,PD,60,0.7833333333333333,200.0,1839.2805249164567,0.0,0.0,0.0,20,1,6.653790473937988,2026-04-13T12:18:00
runs/flash_every_ablation/flash_5/mw-pick-place-v3-no_mem-20260413-112536-seed0,mw-pick-place-v3-no_mem-20260413-112536-seed0,pick-place-v3,no_mem,PD,60,0.0,200.0,265.41530220985413,0.0,0.0,0.0,5,1,12.9598228931427,2026-04-13T11:25:49
runs/flash_every_ablation/flash_5/mw-pick-place-v3-no_mem-20260413-112550-seed1,mw-pick-place-v3-no_mem-20260413-112550-seed1,pick-place-v3,no_mem,PD,60,0.0,200.0,266.5537069174466,0.0,0.0,0.0,5,1,12.651860475540161,2026-04-13T11:26:03
runs/flash_every_ablation/flash_5/mw-pick-place-v3-no_mem-20260413-112605-seed2,mw-pick-place-v3-no_mem-20260413-112605-seed2,pick-place-v3,no_mem,PD,60,0.0,200.0,267.15067044809695,0.0,0.0,0.0,5,1,12.001911640167236,2026-04-13T11:26:17
runs/flash_every_ablation/flash_5/mw-pick-place-v3-no_mem-20260413-121227-seed3,mw-pick-place-v3-no_mem-20260413-121227-seed3,pick-place-v3,no_mem,PD,60,0.0,200.0,265.6051027044733,0.0,0.0,0.0,5,1,12.093076944351196,2026-04-13T12:12:39
runs/flash_every_ablation/flash_5/mw-pick-place-v3-no_mem-20260413-121241-seed4,mw-pick-place-v3-no_mem-20260413-121241-seed4,pick-place-v3,no_mem,PD,60,0.0,200.0,176.04196892156406,0.0,0.0,0.0,5,1,12.462052583694458,2026-04-13T12:12:53
runs/flash_every_ablation/flash_5/mw-pick-place-v3-struct_mem-20260413-112659-seed0,mw-pick-place-v3-struct_mem-20260413-112659-seed0,pick-place-v3,struct_mem,PD,60,0.7,200.0,118.03789980682697,0.0,0.9833333333333333,0.0,5,1,11.456897974014282,2026-04-13T11:27:10
runs/flash_every_ablation/flash_5/mw-pick-place-v3-struct_mem-20260413-112712-seed1,mw-pick-place-v3-struct_mem-20260413-112712-seed1,pick-place-v3,struct_mem,PD,60,0.6833333333333333,200.0,93.88802691563086,0.0,0.9666666666666667,0.0,5,1,11.33540153503418,2026-04-13T11:27:23
runs/flash_every_ablation/flash_5/mw-pick-place-v3-struct_mem-20260413-112725-seed2,mw-pick-place-v3-struct_mem-20260413-112725-seed2,pick-place-v3,struct_mem,PD,60,0.8166666666666667,200.0,132.82770239658902,0.0,1.0,0.0,5,1,11.619505882263184,2026-04-13T11:27:37
runs/flash_every_ablation/flash_5/mw-pick-place-v3-struct_mem-20260413-121323-seed3,mw-pick-place-v3-struct_mem-20260413-121323-seed3,pick-place-v3,struct_mem,PD,60,0.7833333333333333,200.0,136.7243240072907,0.0,0.95,0.0,5,1,12.396066665649414,2026-04-13T12:13:35
runs/flash_every_ablation/flash_5/mw-pick-place-v3-struct_mem-20260413-121337-seed4,mw-pick-place-v3-struct_mem-20260413-121337-seed4,pick-place-v3,struct_mem,PD,60,0.7666666666666667,200.0,175.21321412537785,0.0,0.9666666666666667,0.0,5,1,12.710094928741455,2026-04-13T12:13:50
runs/flash_every_ablation/flash_5/mw-pick-place-v3-text_buf-20260413-112619-seed0,mw-pick-place-v3-text_buf-20260413-112619-seed0,pick-place-v3,text_buf,PD,60,0.7,200.0,118.39951891483356,0.0,0.9833333333333333,0.0,5,1,11.595927238464355,2026-04-13T11:26:30
runs/flash_every_ablation/flash_5/mw-pick-place-v3-text_buf-20260413-112632-seed1,mw-pick-place-v3-text_buf-20260413-112632-seed1,pick-place-v3,text_buf,PD,60,0.6833333333333333,200.0,93.94418317642585,0.0,0.9833333333333333,0.0,5,1,11.26216983795166,2026-04-13T11:26:43
runs/flash_every_ablation/flash_5/mw-pick-place-v3-text_buf-20260413-112645-seed2,mw-pick-place-v3-text_buf-20260413-112645-seed2,pick-place-v3,text_buf,PD,60,0.8166666666666667,200.0,132.8079578333574,0.0,1.0,0.0,5,1,11.708701610565186,2026-04-13T11:26:57
runs/flash_every_ablation/flash_5/mw-pick-place-v3-text_buf-20260413-121255-seed3,mw-pick-place-v3-text_buf-20260413-121255-seed3,pick-place-v3,text_buf,PD,60,0.7833333333333333,200.0,136.65061794822606,0.0,1.0,0.0,5,1,11.58138108253479,2026-04-13T12:13:07
runs/flash_every_ablation/flash_5/mw-pick-place-v3-text_buf-20260413-121309-seed4,mw-pick-place-v3-text_buf-20260413-121309-seed4,pick-place-v3,text_buf,PD,60,0.7666666666666667,200.0,173.97317322357927,0.0,0.9666666666666667,0.0,5,1,12.674229383468628,2026-04-13T12:13:21
runs/flash_every_ablation/flash_5/mw-push-v3-no_mem-20260413-112333-seed0,mw-push-v3-no_mem-20260413-112333-seed0,push-v3,no_mem,PD,60,0.8833333333333333,200.0,738.1394505889192,0.0,0.0,0.0,5,1,11.356526613235474,2026-04-13T11:23:44
runs/flash_every_ablation/flash_5/mw-push-v3-no_mem-20260413-112346-seed1,mw-push-v3-no_mem-20260413-112346-seed1,push-v3,no_mem,PD,60,0.08333333333333333,200.0,137.21387659062447,0.0,0.0,0.0,5,1,11.05522871017456,2026-04-13T11:23:57
runs/flash_every_ablation/flash_5/mw-push-v3-no_mem-20260413-112359-seed2,mw-push-v3-no_mem-20260413-112359-seed2,push-v3,no_mem,PD,60,0.9,200.0,733.3425784769104,0.0,0.0,0.0,5,1,11.548683643341064,2026-04-13T11:24:10
runs/flash_every_ablation/flash_5/mw-push-v3-no_mem-20260413-121105-seed3,mw-push-v3-no_mem-20260413-121105-seed3,push-v3,no_mem,PD,60,0.18333333333333332,200.0,217.1760034364327,0.0,0.0,0.0,5,1,11.811436653137207,2026-04-13T12:11:17
runs/flash_every_ablation/flash_5/mw-push-v3-no_mem-20260413-121118-seed4,mw-push-v3-no_mem-20260413-121118-seed4,push-v3,no_mem,PD,60,0.03333333333333333,200.0,83.46267007125158,0.0,0.0,0.0,5,1,11.624353408813477,2026-04-13T12:11:30
runs/flash_every_ablation/flash_5/mw-push-v3-struct_mem-20260413-112453-seed0,mw-push-v3-struct_mem-20260413-112453-seed0,push-v3,struct_mem,PD,60,0.9166666666666666,200.0,1386.1835486434675,0.0,0.0,0.0,5,1,12.209501266479492,2026-04-13T11:25:05
runs/flash_every_ablation/flash_5/mw-push-v3-struct_mem-20260413-112507-seed1,mw-push-v3-struct_mem-20260413-112507-seed1,push-v3,struct_mem,PD,60,0.3333333333333333,200.0,437.2271447547545,0.0,0.0,0.0,5,1,12.42025637626648,2026-04-13T11:25:20
runs/flash_every_ablation/flash_5/mw-push-v3-struct_mem-20260413-112521-seed2,mw-push-v3-struct_mem-20260413-112521-seed2,push-v3,struct_mem,PD,60,0.9166666666666666,200.0,1386.1157343278285,0.0,0.0,0.0,5,1,12.397460222244263,2026-04-13T11:25:34
runs/flash_every_ablation/flash_5/mw-push-v3-struct_mem-20260413-121159-seed3,mw-push-v3-struct_mem-20260413-121159-seed3,push-v3,struct_mem,PD,60,0.4,200.0,604.0459918373472,0.0,0.0,0.0,5,1,12.032587051391602,2026-04-13T12:12:11
runs/flash_every_ablation/flash_5/mw-push-v3-struct_mem-20260413-121213-seed4,mw-push-v3-struct_mem-20260413-121213-seed4,push-v3,struct_mem,PD,60,0.65,200.0,936.8456343346046,0.0,0.0,0.0,5,1,12.009629726409912,2026-04-13T12:12:25
runs/flash_every_ablation/flash_5/mw-push-v3-text_buf-20260413-112412-seed0,mw-push-v3-text_buf-20260413-112412-seed0,push-v3,text_buf,PD,60,0.9333333333333333,200.0,1392.8734231311153,0.0,0.0,0.0,5,1,11.556940793991089,2026-04-13T11:24:24
runs/flash_every_ablation/flash_5/mw-push-v3-text_buf-20260413-112426-seed1,mw-push-v3-text_buf-20260413-112426-seed1,push-v3,text_buf,PD,60,0.3333333333333333,200.0,436.5571166656353,0.0,0.0,0.0,5,1,12.026427745819092,2026-04-13T11:24:38
runs/flash_every_ablation/flash_5/mw-push-v3-text_buf-20260413-112440-seed2,mw-push-v3-text_buf-20260413-112440-seed2,push-v3,text_buf,PD,60,0.9166666666666666,200.0,1386.1157343278285,0.0,0.0,0.0,5,1,11.642986297607422,2026-04-13T11:24:51
runs/flash_every_ablation/flash_5/mw-push-v3-text_buf-20260413-121132-seed3,mw-push-v3-text_buf-20260413-121132-seed3,push-v3,text_buf,PD,60,0.4666666666666667,200.0,645.1950929513628,0.0,0.0,0.0,5,1,12.304404020309448,2026-04-13T12:11:44
runs/flash_every_ablation/flash_5/mw-push-v3-text_buf-20260413-121146-seed4,mw-push-v3-text_buf-20260413-121146-seed4,push-v3,text_buf,PD,60,0.6666666666666666,200.0,945.708095895563,0.0,0.0,0.0,5,1,11.765528202056885,2026-04-13T12:11:58
runs/flash_every_ablation/flash_5/mw-reach-v3-no_mem-20260413-112217-seed0,mw-reach-v3-no_mem-20260413-112217-seed0,reach-v3,no_mem,PD,60,0.36666666666666664,200.0,1362.3548173638278,0.0,0.0,0.0,5,1,6.3364622592926025,2026-04-13T11:22:24
runs/flash_every_ablation/flash_5/mw-reach-v3-no_mem-20260413-112225-seed1,mw-reach-v3-no_mem-20260413-112225-seed1,reach-v3,no_mem,PD,60,0.3,200.0,1475.479470484265,0.0,0.0,0.0,5,1,6.412440776824951,2026-04-13T11:22:32
runs/flash_every_ablation/flash_5/mw-reach-v3-no_mem-20260413-112234-seed2,mw-reach-v3-no_mem-20260413-112234-seed2,reach-v3,no_mem,PD,60,0.31666666666666665,200.0,1417.280094467898,0.0,0.0,0.0,5,1,6.1402671337127686,2026-04-13T11:22:40
runs/flash_every_ablation/flash_5/mw-reach-v3-no_mem-20260413-121010-seed3,mw-reach-v3-no_mem-20260413-121010-seed3,reach-v3,no_mem,PD,60,0.38333333333333336,200.0,1599.4307038171353,0.0,0.0,0.0,5,1,7.010967016220093,2026-04-13T12:10:17
runs/flash_every_ablation/flash_5/mw-reach-v3-no_mem-20260413-121019-seed4,mw-reach-v3-no_mem-20260413-121019-seed4,reach-v3,no_mem,PD,60,0.5666666666666667,200.0,1399.6559271406186,0.0,0.0,0.0,5,1,7.1304285526275635,2026-04-13T12:10:26
runs/flash_every_ablation/flash_5/mw-reach-v3-struct_mem-20260413-112307-seed0,mw-reach-v3-struct_mem-20260413-112307-seed0,reach-v3,struct_mem,PD,60,0.6833333333333333,200.0,1830.9618473503554,0.0,0.0,0.0,5,1,6.634174346923828,2026-04-13T11:23:14
runs/flash_every_ablation/flash_5/mw-reach-v3-struct_mem-20260413-112316-seed1,mw-reach-v3-struct_mem-20260413-112316-seed1,reach-v3,struct_mem,PD,60,0.7666666666666667,200.0,1855.3514388001952,0.0,0.0,0.0,5,1,6.802046060562134,2026-04-13T11:23:22
runs/flash_every_ablation/flash_5/mw-reach-v3-struct_mem-20260413-112324-seed2,mw-reach-v3-struct_mem-20260413-112324-seed2,reach-v3,struct_mem,PD,60,0.7166666666666667,200.0,1839.3949057391774,0.0,0.0,0.0,5,1,6.62762188911438,2026-04-13T11:23:31
runs/flash_every_ablation/flash_5/mw-reach-v3-struct_mem-20260413-121047-seed3,mw-reach-v3-struct_mem-20260413-121047-seed3,reach-v3,struct_mem,PD,60,0.7166666666666667,200.0,1866.916448799971,0.0,0.0,0.0,5,1,7.210481643676758,2026-04-13T12:10:54
runs/flash_every_ablation/flash_5/mw-reach-v3-struct_mem-20260413-121056-seed4,mw-reach-v3-struct_mem-20260413-121056-seed4,reach-v3,struct_mem,PD,60,0.8666666666666667,200.0,1840.8790665140427,0.0,0.0,0.0,5,1,6.9702959060668945,2026-04-13T12:11:03
runs/flash_every_ablation/flash_5/mw-reach-v3-text_buf-20260413-112242-seed0,mw-reach-v3-text_buf-20260413-112242-seed0,reach-v3,text_buf,PD,60,0.6833333333333333,200.0,1830.9618473503554,0.0,0.0,0.0,5,1,6.881078481674194,2026-04-13T11:22:48
runs/flash_every_ablation/flash_5/mw-reach-v3-text_buf-20260413-112250-seed1,mw-reach-v3-text_buf-20260413-112250-seed1,reach-v3,text_buf,PD,60,0.7666666666666667,200.0,1855.3514388001952,0.0,0.0,0.0,5,1,6.696089029312134,2026-04-13T11:22:57
runs/flash_every_ablation/flash_5/mw-reach-v3-text_buf-20260413-112259-seed2,mw-reach-v3-text_buf-20260413-112259-seed2,reach-v3,text_buf,PD,60,0.7166666666666667,200.0,1839.3949057391774,0.0,0.0,0.0,5,1,6.514012813568115,2026-04-13T11:23:05
runs/flash_every_ablation/flash_5/mw-reach-v3-text_buf-20260413-121028-seed3,mw-reach-v3-text_buf-20260413-121028-seed3,reach-v3,text_buf,PD,60,0.7166666666666667,200.0,1866.916448799971,0.0,0.0,0.0,5,1,7.087152004241943,2026-04-13T12:10:35
runs/flash_every_ablation/flash_5/mw-reach-v3-text_buf-20260413-121037-seed4,mw-reach-v3-text_buf-20260413-121037-seed4,reach-v3,text_buf,PD,60,0.8666666666666667,200.0,1840.8790665140427,0.0,0.0,0.0,5,1,7.395677804946899,2026-04-13T12:10:45
runs/flash_every_ablation/flash_50/mw-pick-place-v3-no_mem-20260413-114137-seed0,mw-pick-place-v3-no_mem-20260413-114137-seed0,pick-place-v3,no_mem,PD,60,0.0,200.0,239.10367369955722,0.0,0.0,0.0,50,1,12.146004915237427,2026-04-13T11:41:49
runs/flash_every_ablation/flash_50/mw-pick-place-v3-no_mem-20260413-114151-seed1,mw-pick-place-v3-no_mem-20260413-114151-seed1,pick-place-v3,no_mem,PD,60,0.0,200.0,230.04559526302936,0.0,0.0,0.0,50,1,11.948878288269043,2026-04-13T11:42:03
runs/flash_every_ablation/flash_50/mw-pick-place-v3-no_mem-20260413-114204-seed2,mw-pick-place-v3-no_mem-20260413-114204-seed2,pick-place-v3,no_mem,PD,60,0.0,200.0,243.1332548716143,0.0,0.0,0.0,50,1,11.832128047943115,2026-04-13T11:42:16
runs/flash_every_ablation/flash_50/mw-pick-place-v3-no_mem-20260413-122313-seed3,mw-pick-place-v3-no_mem-20260413-122313-seed3,pick-place-v3,no_mem,PD,60,0.0,200.0,234.92945338051226,0.0,0.0,0.0,50,1,11.7404625415802,2026-04-13T12:23:25
runs/flash_every_ablation/flash_50/mw-pick-place-v3-no_mem-20260413-122327-seed4,mw-pick-place-v3-no_mem-20260413-122327-seed4,pick-place-v3,no_mem,PD,60,0.0,200.0,164.1489354170327,0.0,0.0,0.0,50,1,12.02163577079773,2026-04-13T12:23:39
runs/flash_every_ablation/flash_50/mw-pick-place-v3-struct_mem-20260413-114258-seed0,mw-pick-place-v3-struct_mem-20260413-114258-seed0,pick-place-v3,struct_mem,PD,60,0.6833333333333333,200.0,118.97842902097565,0.0,0.9833333333333333,0.0,50,1,11.842947721481323,2026-04-13T11:43:10
runs/flash_every_ablation/flash_50/mw-pick-place-v3-struct_mem-20260413-114311-seed1,mw-pick-place-v3-struct_mem-20260413-114311-seed1,pick-place-v3,struct_mem,PD,60,0.7166666666666667,200.0,97.72666153932703,0.0,0.9666666666666667,0.0,50,1,12.055126667022705,2026-04-13T11:43:23
runs/flash_every_ablation/flash_50/mw-pick-place-v3-struct_mem-20260413-114325-seed2,mw-pick-place-v3-struct_mem-20260413-114325-seed2,pick-place-v3,struct_mem,PD,60,0.75,200.0,134.22065494959017,0.0,1.0,0.0,50,1,12.14484715461731,2026-04-13T11:43:37
runs/flash_every_ablation/flash_50/mw-pick-place-v3-struct_mem-20260413-122407-seed3,mw-pick-place-v3-struct_mem-20260413-122407-seed3,pick-place-v3,struct_mem,PD,60,0.7833333333333333,200.0,137.2374890086358,0.0,0.95,0.0,50,1,11.720357894897461,2026-04-13T12:24:18
runs/flash_every_ablation/flash_50/mw-pick-place-v3-struct_mem-20260413-122420-seed4,mw-pick-place-v3-struct_mem-20260413-122420-seed4,pick-place-v3,struct_mem,PD,60,0.7666666666666667,200.0,173.76384590686772,0.0,0.9666666666666667,0.0,50,1,11.462918043136597,2026-04-13T12:24:32
runs/flash_every_ablation/flash_50/mw-pick-place-v3-text_buf-20260413-114218-seed0,mw-pick-place-v3-text_buf-20260413-114218-seed0,pick-place-v3,text_buf,PD,60,0.6833333333333333,200.0,118.74944541345135,0.0,0.9833333333333333,0.0,50,1,11.349411249160767,2026-04-13T11:42:30
runs/flash_every_ablation/flash_50/mw-pick-place-v3-text_buf-20260413-114231-seed1,mw-pick-place-v3-text_buf-20260413-114231-seed1,pick-place-v3,text_buf,PD,60,0.7166666666666667,200.0,97.91873047508082,0.0,0.9833333333333333,0.0,50,1,11.237822771072388,2026-04-13T11:42:43
runs/flash_every_ablation/flash_50/mw-pick-place-v3-text_buf-20260413-114244-seed2,mw-pick-place-v3-text_buf-20260413-114244-seed2,pick-place-v3,text_buf,PD,60,0.75,200.0,134.19813110667542,0.0,1.0,0.0,50,1,11.600272417068481,2026-04-13T11:42:56
runs/flash_every_ablation/flash_50/mw-pick-place-v3-text_buf-20260413-122340-seed3,mw-pick-place-v3-text_buf-20260413-122340-seed3,pick-place-v3,text_buf,PD,60,0.7833333333333333,200.0,137.1663314498209,0.0,1.0,0.0,50,1,11.31852674484253,2026-04-13T12:23:52
runs/flash_every_ablation/flash_50/mw-pick-place-v3-text_buf-20260413-122354-seed4,mw-pick-place-v3-text_buf-20260413-122354-seed4,pick-place-v3,text_buf,PD,60,0.7666666666666667,200.0,173.55305367152909,0.0,0.9666666666666667,0.0,50,1,11.324795722961426,2026-04-13T12:24:05
runs/flash_every_ablation/flash_50/mw-push-v3-no_mem-20260413-113933-seed0,mw-push-v3-no_mem-20260413-113933-seed0,push-v3,no_mem,PD,60,0.0,200.0,85.7582502999642,0.0,0.0,0.0,50,1,11.529181718826294,2026-04-13T11:39:44
runs/flash_every_ablation/flash_50/mw-push-v3-no_mem-20260413-113946-seed1,mw-push-v3-no_mem-20260413-113946-seed1,push-v3,no_mem,PD,60,0.0,200.0,72.84076419540376,0.0,0.0,0.0,50,1,11.555013179779053,2026-04-13T11:39:58
runs/flash_every_ablation/flash_50/mw-push-v3-no_mem-20260413-113959-seed2,mw-push-v3-no_mem-20260413-113959-seed2,push-v3,no_mem,PD,60,0.0,200.0,78.56362830885645,0.0,0.0,0.0,50,1,12.19190526008606,2026-04-13T11:40:12
runs/flash_every_ablation/flash_50/mw-push-v3-no_mem-20260413-122149-seed3,mw-push-v3-no_mem-20260413-122149-seed3,push-v3,no_mem,PD,60,0.0,200.0,68.32941555740129,0.0,0.0,0.0,50,1,12.211596012115479,2026-04-13T12:22:01
runs/flash_every_ablation/flash_50/mw-push-v3-no_mem-20260413-122203-seed4,mw-push-v3-no_mem-20260413-122203-seed4,push-v3,no_mem,PD,60,0.0,200.0,88.82325557463027,0.0,0.0,0.0,50,1,12.333052396774292,2026-04-13T12:22:15
runs/flash_every_ablation/flash_50/mw-push-v3-struct_mem-20260413-114056-seed0,mw-push-v3-struct_mem-20260413-114056-seed0,push-v3,struct_mem,PD,60,0.9333333333333333,200.0,1428.8697321432883,0.0,0.0,0.0,50,1,11.977400541305542,2026-04-13T11:41:08
runs/flash_every_ablation/flash_50/mw-push-v3-struct_mem-20260413-114110-seed1,mw-push-v3-struct_mem-20260413-114110-seed1,push-v3,struct_mem,PD,60,0.26666666666666666,200.0,393.82826982023744,0.0,0.0,0.0,50,1,11.989478349685669,2026-04-13T11:41:22
runs/flash_every_ablation/flash_50/mw-push-v3-struct_mem-20260413-114124-seed2,mw-push-v3-struct_mem-20260413-114124-seed2,push-v3,struct_mem,PD,60,0.95,200.0,1470.622292331822,0.0,0.0,0.0,50,1,11.409986019134521,2026-04-13T11:41:35
runs/flash_every_ablation/flash_50/mw-push-v3-struct_mem-20260413-122245-seed3,mw-push-v3-struct_mem-20260413-122245-seed3,push-v3,struct_mem,PD,60,0.4,200.0,619.0925298682549,0.0,0.0,0.0,50,1,11.948661088943481,2026-04-13T12:22:57
runs/flash_every_ablation/flash_50/mw-push-v3-struct_mem-20260413-122259-seed4,mw-push-v3-struct_mem-20260413-122259-seed4,push-v3,struct_mem,PD,60,0.65,200.0,953.6612378016813,0.0,0.0,0.0,50,1,12.46240782737732,2026-04-13T12:23:11
runs/flash_every_ablation/flash_50/mw-push-v3-text_buf-20260413-114014-seed0,mw-push-v3-text_buf-20260413-114014-seed0,push-v3,text_buf,PD,60,0.9333333333333333,200.0,1428.9469315175636,0.0,0.0,0.0,50,1,12.112499713897705,2026-04-13T11:40:26
runs/flash_every_ablation/flash_50/mw-push-v3-text_buf-20260413-114028-seed1,mw-push-v3-text_buf-20260413-114028-seed1,push-v3,text_buf,PD,60,0.3,200.0,393.63162982750623,0.0,0.0,0.0,50,1,12.389294385910034,2026-04-13T11:40:40
runs/flash_every_ablation/flash_50/mw-push-v3-text_buf-20260413-114042-seed2,mw-push-v3-text_buf-20260413-114042-seed2,push-v3,text_buf,PD,60,0.95,200.0,1470.6721665591965,0.0,0.0,0.0,50,1,12.049039840698242,2026-04-13T11:40:54
runs/flash_every_ablation/flash_50/mw-push-v3-text_buf-20260413-122217-seed3,mw-push-v3-text_buf-20260413-122217-seed3,push-v3,text_buf,PD,60,0.45,200.0,642.0311189708227,0.0,0.0,0.0,50,1,12.040373086929321,2026-04-13T12:22:29
runs/flash_every_ablation/flash_50/mw-push-v3-text_buf-20260413-122231-seed4,mw-push-v3-text_buf-20260413-122231-seed4,push-v3,text_buf,PD,60,0.7333333333333333,200.0,991.5612045673422,0.0,0.0,0.0,50,1,11.922671556472778,2026-04-13T12:22:43
runs/flash_every_ablation/flash_50/mw-reach-v3-no_mem-20260413-113819-seed0,mw-reach-v3-no_mem-20260413-113819-seed0,reach-v3,no_mem,PD,60,0.0,200.0,367.0325674226909,0.0,0.0,0.0,50,1,6.2363975048065186,2026-04-13T11:38:25
runs/flash_every_ablation/flash_50/mw-reach-v3-no_mem-20260413-113827-seed1,mw-reach-v3-no_mem-20260413-113827-seed1,reach-v3,no_mem,PD,60,0.0,200.0,403.42920324157797,0.0,0.0,0.0,50,1,6.343178987503052,2026-04-13T11:38:33
runs/flash_every_ablation/flash_50/mw-reach-v3-no_mem-20260413-113835-seed2,mw-reach-v3-no_mem-20260413-113835-seed2,reach-v3,no_mem,PD,60,0.0,200.0,386.1403734550067,0.0,0.0,0.0,50,1,6.341609716415405,2026-04-13T11:38:41
runs/flash_every_ablation/flash_50/mw-reach-v3-no_mem-20260413-122100-seed3,mw-reach-v3-no_mem-20260413-122100-seed3,reach-v3,no_mem,PD,60,0.0,200.0,496.7317334961591,0.0,0.0,0.0,50,1,5.8707287311553955,2026-04-13T12:21:06
runs/flash_every_ablation/flash_50/mw-reach-v3-no_mem-20260413-122108-seed4,mw-reach-v3-no_mem-20260413-122108-seed4,reach-v3,no_mem,PD,60,0.0,200.0,410.52850722756955,0.0,0.0,0.0,50,1,6.095782995223999,2026-04-13T12:21:14
runs/flash_every_ablation/flash_50/mw-reach-v3-struct_mem-20260413-113908-seed0,mw-reach-v3-struct_mem-20260413-113908-seed0,reach-v3,struct_mem,PD,60,0.6,200.0,1825.8133367458174,0.0,0.0,0.0,50,1,6.463714599609375,2026-04-13T11:39:14
runs/flash_every_ablation/flash_50/mw-reach-v3-struct_mem-20260413-113916-seed1,mw-reach-v3-struct_mem-20260413-113916-seed1,reach-v3,struct_mem,PD,60,0.5833333333333334,200.0,1835.9636954430368,0.0,0.0,0.0,50,1,6.597932815551758,2026-04-13T11:39:23
runs/flash_every_ablation/flash_50/mw-reach-v3-struct_mem-20260413-113924-seed2,mw-reach-v3-struct_mem-20260413-113924-seed2,reach-v3,struct_mem,PD,60,0.55,200.0,1834.8224812761407,0.0,0.0,0.0,50,1,6.495016813278198,2026-04-13T11:39:31
runs/flash_every_ablation/flash_50/mw-reach-v3-struct_mem-20260413-122132-seed3,mw-reach-v3-struct_mem-20260413-122132-seed3,reach-v3,struct_mem,PD,60,0.5333333333333333,200.0,1855.8513682790108,0.0,0.0,0.0,50,1,6.767106294631958,2026-04-13T12:21:39
runs/flash_every_ablation/flash_50/mw-reach-v3-struct_mem-20260413-122141-seed4,mw-reach-v3-struct_mem-20260413-122141-seed4,reach-v3,struct_mem,PD,60,0.7333333333333333,200.0,1837.6062170141454,0.0,0.0,0.0,50,1,6.5260279178619385,2026-04-13T12:21:47
runs/flash_every_ablation/flash_50/mw-reach-v3-text_buf-20260413-113843-seed0,mw-reach-v3-text_buf-20260413-113843-seed0,reach-v3,text_buf,PD,60,0.6,200.0,1825.8133367458174,0.0,0.0,0.0,50,1,6.397819757461548,2026-04-13T11:38:49
runs/flash_every_ablation/flash_50/mw-reach-v3-text_buf-20260413-113851-seed1,mw-reach-v3-text_buf-20260413-113851-seed1,reach-v3,text_buf,PD,60,0.5833333333333334,200.0,1835.9636954430368,0.0,0.0,0.0,50,1,6.462834596633911,2026-04-13T11:38:58
runs/flash_every_ablation/flash_50/mw-reach-v3-text_buf-20260413-113859-seed2,mw-reach-v3-text_buf-20260413-113859-seed2,reach-v3,text_buf,PD,60,0.55,200.0,1834.8224812761407,0.0,0.0,0.0,50,1,6.54633641242981,2026-04-13T11:39:06
runs/flash_every_ablation/flash_50/mw-reach-v3-text_buf-20260413-122116-seed3,mw-reach-v3-text_buf-20260413-122116-seed3,reach-v3,text_buf,PD,60,0.5333333333333333,200.0,1855.8513682790108,0.0,0.0,0.0,50,1,6.685164213180542,2026-04-13T12:21:22
runs/flash_every_ablation/flash_50/mw-reach-v3-text_buf-20260413-122124-seed4,mw-reach-v3-text_buf-20260413-122124-seed4,reach-v3,text_buf,PD,60,0.7333333333333333,200.0,1837.6062170141454,0.0,0.0,0.0,50,1,6.357227563858032,2026-04-13T12:21:30
runs/flash_every_ablation/flash_never/mw-pick-place-v3-no_mem-20260413-114657-seed0,mw-pick-place-v3-no_mem-20260413-114657-seed0,pick-place-v3,no_mem,PD,60,0.0,200.0,237.31195413553937,0.0,0.0,0.0,0,0,12.847533702850342,2026-04-13T11:47:10
runs/flash_every_ablation/flash_never/mw-pick-place-v3-no_mem-20260413-114712-seed1,mw-pick-place-v3-no_mem-20260413-114712-seed1,pick-place-v3,no_mem,PD,60,0.0,200.0,227.3179763616918,0.0,0.0,0.0,0,0,12.051798582077026,2026-04-13T11:47:24
runs/flash_every_ablation/flash_never/mw-pick-place-v3-no_mem-20260413-114726-seed2,mw-pick-place-v3-no_mem-20260413-114726-seed2,pick-place-v3,no_mem,PD,60,0.0,200.0,241.45340788143994,0.0,0.0,0.0,0,0,11.763392686843872,2026-04-13T11:47:38
runs/flash_every_ablation/flash_never/mw-pick-place-v3-no_mem-20260413-122647-seed3,mw-pick-place-v3-no_mem-20260413-122647-seed3,pick-place-v3,no_mem,PD,60,0.0,200.0,232.6535384558524,0.0,0.0,0.0,0,0,11.839338302612305,2026-04-13T12:26:59
runs/flash_every_ablation/flash_never/mw-pick-place-v3-no_mem-20260413-122701-seed4,mw-pick-place-v3-no_mem-20260413-122701-seed4,pick-place-v3,no_mem,PD,60,0.0,200.0,163.22959842543972,0.0,0.0,0.0,0,0,11.72855257987976,2026-04-13T12:27:12
runs/flash_every_ablation/flash_never/mw-pick-place-v3-struct_mem-20260413-114819-seed0,mw-pick-place-v3-struct_mem-20260413-114819-seed0,pick-place-v3,struct_mem,PD,60,0.6833333333333333,200.0,122.26786038685619,0.0,0.9833333333333333,0.0,0,0,11.617109298706055,2026-04-13T11:48:31
runs/flash_every_ablation/flash_never/mw-pick-place-v3-struct_mem-20260413-114833-seed1,mw-pick-place-v3-struct_mem-20260413-114833-seed1,pick-place-v3,struct_mem,PD,60,0.7,200.0,92.87264448378795,0.0,0.9666666666666667,0.0,0,0,11.227382898330688,2026-04-13T11:48:44
runs/flash_every_ablation/flash_never/mw-pick-place-v3-struct_mem-20260413-114846-seed2,mw-pick-place-v3-struct_mem-20260413-114846-seed2,pick-place-v3,struct_mem,PD,60,0.7833333333333333,200.0,132.51621867656544,0.0,1.0,0.0,0,0,11.740507364273071,2026-04-13T11:48:58
runs/flash_every_ablation/flash_never/mw-pick-place-v3-struct_mem-20260413-122740-seed3,mw-pick-place-v3-struct_mem-20260413-122740-seed3,pick-place-v3,struct_mem,PD,60,0.8,200.0,132.18910136179707,0.0,0.95,0.0,0,0,11.70593523979187,2026-04-13T12:27:52
runs/flash_every_ablation/flash_never/mw-pick-place-v3-struct_mem-20260413-122754-seed4,mw-pick-place-v3-struct_mem-20260413-122754-seed4,pick-place-v3,struct_mem,PD,60,0.75,200.0,172.79629602698532,0.0,0.9666666666666667,0.0,0,0,12.09151291847229,2026-04-13T12:28:06
runs/flash_every_ablation/flash_never/mw-pick-place-v3-text_buf-20260413-114740-seed0,mw-pick-place-v3-text_buf-20260413-114740-seed0,pick-place-v3,text_buf,PD,60,0.6666666666666666,200.0,121.93913378548903,0.0,0.9833333333333333,0.0,0,0,11.434272766113281,2026-04-13T11:47:51
runs/flash_every_ablation/flash_never/mw-pick-place-v3-text_buf-20260413-114753-seed1,mw-pick-place-v3-text_buf-20260413-114753-seed1,pick-place-v3,text_buf,PD,60,0.7,200.0,92.84889547094069,0.0,0.9833333333333333,0.0,0,0,11.35793423652649,2026-04-13T11:48:04
runs/flash_every_ablation/flash_never/mw-pick-place-v3-text_buf-20260413-114806-seed2,mw-pick-place-v3-text_buf-20260413-114806-seed2,pick-place-v3,text_buf,PD,60,0.7833333333333333,200.0,132.49196779961227,0.0,1.0,0.0,0,0,11.522900104522705,2026-04-13T11:48:18
runs/flash_every_ablation/flash_never/mw-pick-place-v3-text_buf-20260413-122714-seed3,mw-pick-place-v3-text_buf-20260413-122714-seed3,pick-place-v3,text_buf,PD,60,0.8,200.0,132.11842678382772,0.0,1.0,0.0,0,0,11.27161979675293,2026-04-13T12:27:25
runs/flash_every_ablation/flash_never/mw-pick-place-v3-text_buf-20260413-122727-seed4,mw-pick-place-v3-text_buf-20260413-122727-seed4,pick-place-v3,text_buf,PD,60,0.75,200.0,171.99822076430942,0.0,0.9666666666666667,0.0,0,0,11.405005693435669,2026-04-13T12:27:38
runs/flash_every_ablation/flash_never/mw-push-v3-no_mem-20260413-114454-seed0,mw-push-v3-no_mem-20260413-114454-seed0,push-v3,no_mem,PD,60,0.0,200.0,128.19186234401693,0.0,0.0,0.0,0,0,12.302688837051392,2026-04-13T11:45:07
runs/flash_every_ablation/flash_never/mw-push-v3-no_mem-20260413-114509-seed1,mw-push-v3-no_mem-20260413-114509-seed1,push-v3,no_mem,PD,60,0.0,200.0,113.38862726044155,0.0,0.0,0.0,0,0,11.756904363632202,2026-04-13T11:45:20
runs/flash_every_ablation/flash_never/mw-push-v3-no_mem-20260413-114522-seed2,mw-push-v3-no_mem-20260413-114522-seed2,push-v3,no_mem,PD,60,0.0,200.0,131.34568545106896,0.0,0.0,0.0,0,0,11.893111944198608,2026-04-13T11:45:34
runs/flash_every_ablation/flash_never/mw-push-v3-no_mem-20260413-122524-seed3,mw-push-v3-no_mem-20260413-122524-seed3,push-v3,no_mem,PD,60,0.0,200.0,108.21134699979575,0.0,0.0,0.0,0,0,12.123377084732056,2026-04-13T12:25:36
runs/flash_every_ablation/flash_never/mw-push-v3-no_mem-20260413-122538-seed4,mw-push-v3-no_mem-20260413-122538-seed4,push-v3,no_mem,PD,60,0.0,200.0,138.23417476847527,0.0,0.0,0.0,0,0,12.386866092681885,2026-04-13T12:25:51
runs/flash_every_ablation/flash_never/mw-push-v3-struct_mem-20260413-114616-seed0,mw-push-v3-struct_mem-20260413-114616-seed0,push-v3,struct_mem,PD,60,0.9333333333333333,200.0,1443.1630912869016,0.0,0.0,0.0,0,0,11.707571506500244,2026-04-13T11:46:28
runs/flash_every_ablation/flash_never/mw-push-v3-struct_mem-20260413-114630-seed1,mw-push-v3-struct_mem-20260413-114630-seed1,push-v3,struct_mem,PD,60,0.2833333333333333,200.0,386.5043792848799,0.0,0.0,0.0,0,0,11.587183237075806,2026-04-13T11:46:41
runs/flash_every_ablation/flash_never/mw-push-v3-struct_mem-20260413-114643-seed2,mw-push-v3-struct_mem-20260413-114643-seed2,push-v3,struct_mem,PD,60,0.8833333333333333,200.0,1376.658252986425,0.0,0.0,0.0,0,0,12.262900590896606,2026-04-13T11:46:55
runs/flash_every_ablation/flash_never/mw-push-v3-struct_mem-20260413-122620-seed3,mw-push-v3-struct_mem-20260413-122620-seed3,push-v3,struct_mem,PD,60,0.35,200.0,562.6320206214475,0.0,0.0,0.0,0,0,11.498668909072876,2026-04-13T12:26:32
runs/flash_every_ablation/flash_never/mw-push-v3-struct_mem-20260413-122633-seed4,mw-push-v3-struct_mem-20260413-122633-seed4,push-v3,struct_mem,PD,60,0.6666666666666666,200.0,1000.067643745363,0.0,0.0,0.0,0,0,11.692644596099854,2026-04-13T12:26:45
runs/flash_every_ablation/flash_never/mw-push-v3-text_buf-20260413-114536-seed0,mw-push-v3-text_buf-20260413-114536-seed0,push-v3,text_buf,PD,60,0.9333333333333333,200.0,1443.2115335401659,0.0,0.0,0.0,0,0,11.394591569900513,2026-04-13T11:45:47
runs/flash_every_ablation/flash_never/mw-push-v3-text_buf-20260413-114549-seed1,mw-push-v3-text_buf-20260413-114549-seed1,push-v3,text_buf,PD,60,0.31666666666666665,200.0,388.836452182068,0.0,0.0,0.0,0,0,11.656413316726685,2026-04-13T11:46:01
runs/flash_every_ablation/flash_never/mw-push-v3-text_buf-20260413-114603-seed2,mw-push-v3-text_buf-20260413-114603-seed2,push-v3,text_buf,PD,60,0.8833333333333333,200.0,1376.4345197278535,0.0,0.0,0.0,0,0,11.665552854537964,2026-04-13T11:46:14
runs/flash_every_ablation/flash_never/mw-push-v3-text_buf-20260413-122552-seed3,mw-push-v3-text_buf-20260413-122552-seed3,push-v3,text_buf,PD,60,0.4,200.0,594.0721103601352,0.0,0.0,0.0,0,0,12.461496114730835,2026-04-13T12:26:05
runs/flash_every_ablation/flash_never/mw-push-v3-text_buf-20260413-122607-seed4,mw-push-v3-text_buf-20260413-122607-seed4,push-v3,text_buf,PD,60,0.7166666666666667,200.0,1016.6917712037581,0.0,0.0,0.0,0,0,11.631947040557861,2026-04-13T12:26:18
runs/flash_every_ablation/flash_never/mw-reach-v3-no_mem-20260413-114339-seed0,mw-reach-v3-no_mem-20260413-114339-seed0,reach-v3,no_mem,PD,60,0.0,200.0,302.57226903069386,0.0,0.0,0.0,0,0,6.11630916595459,2026-04-13T11:43:45
runs/flash_every_ablation/flash_never/mw-reach-v3-no_mem-20260413-114347-seed1,mw-reach-v3-no_mem-20260413-114347-seed1,reach-v3,no_mem,PD,60,0.0,200.0,319.34842110322575,0.0,0.0,0.0,0,0,6.491583347320557,2026-04-13T11:43:54
runs/flash_every_ablation/flash_never/mw-reach-v3-no_mem-20260413-114356-seed2,mw-reach-v3-no_mem-20260413-114356-seed2,reach-v3,no_mem,PD,60,0.0,200.0,311.2100435834747,0.0,0.0,0.0,0,0,6.438730955123901,2026-04-13T11:44:02
runs/flash_every_ablation/flash_never/mw-reach-v3-no_mem-20260413-122433-seed3,mw-reach-v3-no_mem-20260413-122433-seed3,reach-v3,no_mem,PD,60,0.0,200.0,373.0604865655985,0.0,0.0,0.0,0,0,6.1926445960998535,2026-04-13T12:24:40
runs/flash_every_ablation/flash_never/mw-reach-v3-no_mem-20260413-122441-seed4,mw-reach-v3-no_mem-20260413-122441-seed4,reach-v3,no_mem,PD,60,0.0,200.0,331.6742801882846,0.0,0.0,0.0,0,0,6.0243072509765625,2026-04-13T12:24:47
runs/flash_every_ablation/flash_never/mw-reach-v3-struct_mem-20260413-114429-seed0,mw-reach-v3-struct_mem-20260413-114429-seed0,reach-v3,struct_mem,PD,60,0.7166666666666667,200.0,1829.4719156781614,0.0,0.0,0.0,0,0,6.381338596343994,2026-04-13T11:44:36
runs/flash_every_ablation/flash_never/mw-reach-v3-struct_mem-20260413-114438-seed1,mw-reach-v3-struct_mem-20260413-114438-seed1,reach-v3,struct_mem,PD,60,0.6833333333333333,200.0,1841.8464305735265,0.0,0.0,0.0,0,0,6.809248924255371,2026-04-13T11:44:44
runs/flash_every_ablation/flash_never/mw-reach-v3-struct_mem-20260413-114446-seed2,mw-reach-v3-struct_mem-20260413-114446-seed2,reach-v3,struct_mem,PD,60,0.55,200.0,1830.87074389554,0.0,0.0,0.0,0,0,6.426426887512207,2026-04-13T11:44:53
runs/flash_every_ablation/flash_never/mw-reach-v3-struct_mem-20260413-122507-seed3,mw-reach-v3-struct_mem-20260413-122507-seed3,reach-v3,struct_mem,PD,60,0.5833333333333334,200.0,1857.854210697283,0.0,0.0,0.0,0,0,6.926040172576904,2026-04-13T12:25:14
runs/flash_every_ablation/flash_never/mw-reach-v3-struct_mem-20260413-122515-seed4,mw-reach-v3-struct_mem-20260413-122515-seed4,reach-v3,struct_mem,PD,60,0.8166666666666667,200.0,1839.74872773126,0.0,0.0,0.0,0,0,6.9670820236206055,2026-04-13T12:25:22
runs/flash_every_ablation/flash_never/mw-reach-v3-text_buf-20260413-114404-seed0,mw-reach-v3-text_buf-20260413-114404-seed0,reach-v3,text_buf,PD,60,0.7166666666666667,200.0,1829.4719156781614,0.0,0.0,0.0,0,0,6.854527711868286,2026-04-13T11:44:11
runs/flash_every_ablation/flash_never/mw-reach-v3-text_buf-20260413-114412-seed1,mw-reach-v3-text_buf-20260413-114412-seed1,reach-v3,text_buf,PD,60,0.6833333333333333,200.0,1841.8464305735265,0.0,0.0,0.0,0,0,6.8588292598724365,2026-04-13T11:44:19
runs/flash_every_ablation/flash_never/mw-reach-v3-text_buf-20260413-114421-seed2,mw-reach-v3-text_buf-20260413-114421-seed2,reach-v3,text_buf,PD,60,0.55,200.0,1830.87074389554,0.0,0.0,0.0,0,0,6.32677698135376,2026-04-13T11:44:27
runs/flash_every_ablation/flash_never/mw-reach-v3-text_buf-20260413-122449-seed3,mw-reach-v3-text_buf-20260413-122449-seed3,reach-v3,text_buf,PD,60,0.5833333333333334,200.0,1857.854210697283,0.0,0.0,0.0,0,0,6.819905042648315,2026-04-13T12:24:56
runs/flash_every_ablation/flash_never/mw-reach-v3-text_buf-20260413-122458-seed4,mw-reach-v3-text_buf-20260413-122458-seed4,reach-v3,text_buf,PD,60,0.8166666666666667,200.0,1839.74872773126,0.0,0.0,0.0,0,0,6.977468252182007,2026-04-13T12:25:05
runs/mw-button-press-topdown-v3-no_mem-20260413-165722-seed0,mw-button-press-topdown-v3-no_mem-20260413-165722-seed0,button-press-topdown-v3,no_mem,PD,20,0.7,200.0,77.59749988305065,0.0,0.0,0.0,20,1,1.757502555847168,2026-04-13T16:57:24
runs/mw-button-press-topdown-v3-no_mem-20260413-165725-seed0,mw-button-press-topdown-v3-no_mem-20260413-165725-seed0,button-press-topdown-v3,no_mem,PD,20,0.7,200.0,77.59749988305065,0.0,0.0,0.0,20,1,1.7114217281341553,2026-04-13T16:57:27
runs/mw-button-press-topdown-v3-struct_mem-20260413-165736-seed0,mw-button-press-topdown-v3-struct_mem-20260413-165736-seed0,button-press-topdown-v3,struct_mem,PD,20,0.7,200.0,77.59749988305065,0.0,0.0,0.0,20,1,1.9990324974060059,2026-04-13T16:57:38
runs/mw-button-press-topdown-v3-struct_mem-20260413-165739-seed0,mw-button-press-topdown-v3-struct_mem-20260413-165739-seed0,button-press-topdown-v3,struct_mem,PD,20,0.7,200.0,77.59749988305065,0.0,0.0,0.0,20,1,1.8999354839324951,2026-04-13T16:57:41
runs/mw-button-press-topdown-v3-text_buf-20260413-165729-seed0,mw-button-press-topdown-v3-text_buf-20260413-165729-seed0,button-press-topdown-v3,text_buf,PD,20,0.75,200.0,77.56002275688236,0.0,0.0,0.0,20,1,1.8468685150146484,2026-04-13T16:57:31
runs/mw-button-press-topdown-v3-text_buf-20260413-165732-seed0,mw-button-press-topdown-v3-text_buf-20260413-165732-seed0,button-press-topdown-v3,text_buf,PD,20,0.75,200.0,77.56002275688236,0.0,0.0,0.0,20,1,1.7941253185272217,2026-04-13T16:57:34
runs/mw-door-open-v3-no_mem-20260413-165617-seed0,mw-door-open-v3-no_mem-20260413-165617-seed0,door-open-v3,no_mem,PD,20,0.8,200.0,642.4160298207205,0.0,0.0,0.0,20,1,2.659789800643921,2026-04-13T16:56:20
runs/mw-door-open-v3-no_mem-20260413-165622-seed0,mw-door-open-v3-no_mem-20260413-165622-seed0,door-open-v3,no_mem,PD,20,0.8,200.0,642.4160298207205,0.0,0.0,0.0,20,1,2.5835630893707275,2026-04-13T16:56:25
runs/mw-door-open-v3-struct_mem-20260413-165635-seed0,mw-door-open-v3-struct_mem-20260413-165635-seed0,door-open-v3,struct_mem,PD,20,0.8,200.0,642.4160298207205,0.0,0.0,0.0,20,1,2.718432664871216,2026-04-13T16:56:38
runs/mw-door-open-v3-struct_mem-20260413-165639-seed0,mw-door-open-v3-struct_mem-20260413-165639-seed0,door-open-v3,struct_mem,PD,20,0.8,200.0,642.4160298207205,0.0,0.0,0.0,20,1,2.7344720363616943,2026-04-13T16:56:42
runs/mw-door-open-v3-text_buf-20260413-165626-seed0,mw-door-open-v3-text_buf-20260413-165626-seed0,door-open-v3,text_buf,PD,20,0.8,200.0,631.118344211844,0.0,0.0,0.0,20,1,2.703247547149658,2026-04-13T16:56:29
runs/mw-door-open-v3-text_buf-20260413-165631-seed0,mw-door-open-v3-text_buf-20260413-165631-seed0,door-open-v3,text_buf,PD,20,0.8,200.0,631.118344211844,0.0,0.0,0.0,20,1,2.7584879398345947,2026-04-13T16:56:33
runs/mw-drawer-open-v3-no_mem-20260413-165644-seed0,mw-drawer-open-v3-no_mem-20260413-165644-seed0,drawer-open-v3,no_mem,PD,20,1.0,200.0,1532.686468055921,0.0,0.0,0.0,20,1,1.52178955078125,2026-04-13T16:56:45
runs/mw-drawer-open-v3-no_mem-20260413-165647-seed0,mw-drawer-open-v3-no_mem-20260413-165647-seed0,drawer-open-v3,no_mem,PD,20,1.0,200.0,1532.686468055921,0.0,0.0,0.0,20,1,1.4426372051239014,2026-04-13T16:56:48
runs/mw-drawer-open-v3-struct_mem-20260413-165656-seed0,mw-drawer-open-v3-struct_mem-20260413-165656-seed0,drawer-open-v3,struct_mem,PD,20,1.0,200.0,1532.686468055921,0.0,0.0,0.0,20,1,1.5768425464630127,2026-04-13T16:56:58
runs/mw-drawer-open-v3-struct_mem-20260413-165700-seed0,mw-drawer-open-v3-struct_mem-20260413-165700-seed0,drawer-open-v3,struct_mem,PD,20,1.0,200.0,1532.686468055921,0.0,0.0,0.0,20,1,1.598139762878418,2026-04-13T16:57:01
runs/mw-drawer-open-v3-text_buf-20260413-165650-seed0,mw-drawer-open-v3-text_buf-20260413-165650-seed0,drawer-open-v3,text_buf,PD,20,1.0,200.0,1532.686468055921,0.0,0.0,0.0,20,1,1.59224271774292,2026-04-13T16:56:52
runs/mw-drawer-open-v3-text_buf-20260413-165653-seed0,mw-drawer-open-v3-text_buf-20260413-165653-seed0,drawer-open-v3,text_buf,PD,20,1.0,200.0,1532.686468055921,0.0,0.0,0.0,20,1,1.544893503189087,2026-04-13T16:56:55
runs/mw-faucet-open-v3-no_mem-20260413-165703-seed0,mw-faucet-open-v3-no_mem-20260413-165703-seed0,faucet-open-v3,no_mem,PD,20,0.75,200.0,1180.0828562974125,0.0,0.0,0.0,20,1,1.5481815338134766,2026-04-13T16:57:04
runs/mw-faucet-open-v3-no_mem-20260413-165706-seed0,mw-faucet-open-v3-no_mem-20260413-165706-seed0,faucet-open-v3,no_mem,PD,20,0.75,200.0,1180.0828562974125,0.0,0.0,0.0,20,1,1.5345048904418945,2026-04-13T16:57:07
runs/mw-faucet-open-v3-struct_mem-20260413-165715-seed0,mw-faucet-open-v3-struct_mem-20260413-165715-seed0,faucet-open-v3,struct_mem,PD,20,0.75,200.0,1180.0828562974125,0.0,0.0,0.0,20,1,1.773970127105713,2026-04-13T16:57:17
runs/mw-faucet-open-v3-struct_mem-20260413-165719-seed0,mw-faucet-open-v3-struct_mem-20260413-165719-seed0,faucet-open-v3,struct_mem,PD,20,0.75,200.0,1180.0828562974125,0.0,0.0,0.0,20,1,1.7057268619537354,2026-04-13T16:57:21
runs/mw-faucet-open-v3-text_buf-20260413-165709-seed0,mw-faucet-open-v3-text_buf-20260413-165709-seed0,faucet-open-v3,text_buf,PD,20,0.7,200.0,1121.6338130806669,0.0,0.0,0.0,20,1,1.7394509315490723,2026-04-13T16:57:11
runs/mw-faucet-open-v3-text_buf-20260413-165712-seed0,mw-faucet-open-v3-text_buf-20260413-165712-seed0,faucet-open-v3,text_buf,PD,20,0.7,200.0,1121.6338130806669,0.0,0.0,0.0,20,1,1.6757400035858154,2026-04-13T16:57:14
runs/mw-pick-place-v3-struct_mem-20260410-171726-seed0,mw-pick-place-v3-struct_mem-20260410-171726-seed0,pick-place-v3,struct_mem,PD,3,0.0,200.0,11.197107746278597,0,0,0,0,0,0.5615444183349609,2026-04-10T17:17:26
runs/mw-push-v3-struct_mem-20260410-171723-seed0,mw-push-v3-struct_mem-20260410-171723-seed0,push-v3,struct_mem,PD,5,0.6,200.0,893.3280450247845,0,0,0,0,0,0.9446959495544434,2026-04-10T17:17:24
runs/mw-reach-v3-no_mem-20260410-170205-seed0,mw-reach-v3-no_mem-20260410-170205-seed0,reach-v3,no_mem,PD,3,0.0,200.0,88.95140841819288,0,0,0,0,0,1.8576912879943848,2026-04-10T17:02:06
runs/mw-reach-v3-no_mem-20260410-171142-seed0,mw-reach-v3-no_mem-20260410-171142-seed0,reach-v3,no_mem,PD,3,0.6666666666666666,200.0,1810.91358386718,0,0,0,0,0,1.5968749523162842,2026-04-10T17:11:43
runs/mw-reach-v3-no_mem-20260410-171721-seed0,mw-reach-v3-no_mem-20260410-171721-seed0,reach-v3,no_mem,PD,5,0.6,200.0,1814.132783670117,0,0,0,0,0,0.5226054191589355,2026-04-10T17:17:21
runs/mw-reach-v3-struct_mem-20260410-144343-seed0,mw-reach-v3-struct_mem-20260410-144343-seed0,reach-v3,struct_mem,PD,1,0.0,200.0,321.99777266932995,0,0,0,0,0,0.7435331344604492,2026-04-10T14:43:44
runs/mw-shelf-place-v3-no_mem-20260413-164336-seed0,mw-shelf-place-v3-no_mem-20260413-164336-seed0,shelf-place-v3,no_mem,PD,20,0.0,200.0,11.027616033361607,0.0,0.0,0.0,20,1,3.7644851207733154,2026-04-13T16:43:40
runs/mw-shelf-place-v3-no_mem-20260413-164611-seed0,mw-shelf-place-v3-no_mem-20260413-164611-seed0,shelf-place-v3,no_mem,PD,20,0.0,200.0,9.374060905493279,0.0,0.0,0.0,20,1,3.741154909133911,2026-04-13T16:46:15
runs/mw-shelf-place-v3-no_mem-20260413-165004-seed0,mw-shelf-place-v3-no_mem-20260413-165004-seed0,shelf-place-v3,no_mem,PD,20,0.8,200.0,733.707086855809,0.0,0.0,0.0,20,1,3.9803106784820557,2026-04-13T16:50:08
runs/mw-shelf-place-v3-no_mem-20260413-165813-seed0,mw-shelf-place-v3-no_mem-20260413-165813-seed0,shelf-place-v3,no_mem,PD,20,0.8,200.0,733.707086855809,0.0,0.0,0.0,20,1,3.8785200119018555,2026-04-13T16:58:17
runs/mw-shelf-place-v3-no_mem-20260413-165819-seed0,mw-shelf-place-v3-no_mem-20260413-165819-seed0,shelf-place-v3,no_mem,PD,20,0.8,200.0,733.707086855809,0.0,0.0,0.0,20,1,3.954582691192627,2026-04-13T16:58:23
runs/mw-shelf-place-v3-struct_mem-20260413-165837-seed0,mw-shelf-place-v3-struct_mem-20260413-165837-seed0,shelf-place-v3,struct_mem,PD,20,0.8,200.0,733.707086855809,0.0,1.0,0.0,20,1,4.256208419799805,2026-04-13T16:58:41
runs/mw-shelf-place-v3-struct_mem-20260413-165843-seed0,mw-shelf-place-v3-struct_mem-20260413-165843-seed0,shelf-place-v3,struct_mem,PD,20,0.8,200.0,733.707086855809,0.0,1.0,0.0,20,1,4.443629741668701,2026-04-13T16:58:47
runs/mw-shelf-place-v3-text_buf-20260413-165825-seed0,mw-shelf-place-v3-text_buf-20260413-165825-seed0,shelf-place-v3,text_buf,PD,20,0.75,200.0,611.6823222185395,0.0,1.0,0.0,20,1,4.044372320175171,2026-04-13T16:58:29
runs/mw-shelf-place-v3-text_buf-20260413-165831-seed0,mw-shelf-place-v3-text_buf-20260413-165831-seed0,shelf-place-v3,text_buf,PD,20,0.75,200.0,611.6823222185395,0.0,1.0,0.0,20,1,4.2836012840271,2026-04-13T16:58:35
runs/mw-sweep-v3-no_mem-20260413-164255-seed0,mw-sweep-v3-no_mem-20260413-164255-seed0,sweep-v3,no_mem,PD,20,0.35,200.0,309.9375745033405,0.0,0.0,0.0,20,1,3.050917387008667,2026-04-13T16:42:58
runs/mw-sweep-v3-no_mem-20260413-164617-seed0,mw-sweep-v3-no_mem-20260413-164617-seed0,sweep-v3,no_mem,PD,20,0.3,200.0,295.3296844858768,0.0,0.0,0.0,20,1,2.9914474487304688,2026-04-13T16:46:20
runs/mw-sweep-v3-no_mem-20260413-165201-seed0,mw-sweep-v3-no_mem-20260413-165201-seed0,sweep-v3,no_mem,PD,20,0.5,200.0,451.8457014123859,0.0,0.0,0.0,20,1,3.273798942565918,2026-04-13T16:52:05
runs/mw-sweep-v3-no_mem-20260413-165330-seed0,mw-sweep-v3-no_mem-20260413-165330-seed0,sweep-v3,no_mem,PD,20,0.65,200.0,547.3826555488284,0.0,0.0,0.0,20,1,3.1805856227874756,2026-04-13T16:53:33
runs/mw-sweep-v3-no_mem-20260413-165421-seed0,mw-sweep-v3-no_mem-20260413-165421-seed0,sweep-v3,no_mem,PD,20,0.45,200.0,351.8967105264964,0.0,0.0,0.0,20,1,3.013176679611206,2026-04-13T16:54:24
runs/mw-sweep-v3-no_mem-20260413-165743-seed0,mw-sweep-v3-no_mem-20260413-165743-seed0,sweep-v3,no_mem,PD,20,0.65,200.0,547.3826555488284,0.0,0.0,0.0,20,1,3.297724723815918,2026-04-13T16:57:46
runs/mw-sweep-v3-no_mem-20260413-165748-seed0,mw-sweep-v3-no_mem-20260413-165748-seed0,sweep-v3,no_mem,PD,20,0.65,200.0,547.3826555488284,0.0,0.0,0.0,20,1,3.274864912033081,2026-04-13T16:57:51
runs/mw-sweep-v3-struct_mem-20260413-165803-seed0,mw-sweep-v3-struct_mem-20260413-165803-seed0,sweep-v3,struct_mem,PD,20,0.65,200.0,547.3826555488284,0.0,0.0,0.0,20,1,3.34975266456604,2026-04-13T16:58:06
runs/mw-sweep-v3-struct_mem-20260413-165808-seed0,mw-sweep-v3-struct_mem-20260413-165808-seed0,sweep-v3,struct_mem,PD,20,0.65,200.0,547.3826555488284,0.0,0.0,0.0,20,1,3.43021559715271,2026-04-13T16:58:12
runs/mw-sweep-v3-text_buf-20260413-165753-seed0,mw-sweep-v3-text_buf-20260413-165753-seed0,sweep-v3,text_buf,PD,20,0.65,200.0,546.7217636002954,0.0,0.0,0.0,20,1,3.41524600982666,2026-04-13T16:57:56
runs/mw-sweep-v3-text_buf-20260413-165758-seed0,mw-sweep-v3-text_buf-20260413-165758-seed0,sweep-v3,text_buf,PD,20,0.65,200.0,546.7217636002954,0.0,0.0,0.0,20,1,3.3433310985565186,2026-04-13T16:58:01
runs/p1_door_open_diagnosis/mw-door-open-v3-no_mem-20260413-120924-seed0,mw-door-open-v3-no_mem-20260413-120924-seed0,door-open-v3,no_mem,PD,60,0.0,200.0,312.2261618651043,0.0,0.0,0.0,20,1,7.517441749572754,2026-04-13T12:09:32
runs/p1_door_open_diagnosis/mw-door-open-v3-no_mem-20260413-120934-seed1,mw-door-open-v3-no_mem-20260413-120934-seed1,door-open-v3,no_mem,PD,60,0.0,200.0,299.7522597143835,0.0,0.0,0.0,20,1,7.732931613922119,2026-04-13T12:09:42
runs/p1_door_open_diagnosis/mw-door-open-v3-no_mem-20260413-120943-seed2,mw-door-open-v3-no_mem-20260413-120943-seed2,door-open-v3,no_mem,PD,60,0.0,200.0,321.16253839837094,0.0,0.0,0.0,20,1,7.888220548629761,2026-04-13T12:09:51
runs/p1_door_open_diagnosis/mw-door-open-v3-no_mem-20260413-120953-seed3,mw-door-open-v3-no_mem-20260413-120953-seed3,door-open-v3,no_mem,PD,60,0.0,200.0,295.2956725513231,0.0,0.0,0.0,20,1,7.485141277313232,2026-04-13T12:10:01
runs/p1_door_open_diagnosis/mw-door-open-v3-no_mem-20260413-121002-seed4,mw-door-open-v3-no_mem-20260413-121002-seed4,door-open-v3,no_mem,PD,60,0.0,200.0,298.2058003872473,0.0,0.0,0.0,20,1,8.042521476745605,2026-04-13T12:10:10
runs/p1_door_open_diagnosis/mw-door-open-v3-struct_mem-20260413-121105-seed0,mw-door-open-v3-struct_mem-20260413-121105-seed0,door-open-v3,struct_mem,PD,60,0.0,200.0,312.2261618651043,0.0,0.0,0.0,20,1,8.514510869979858,2026-04-13T12:11:13
runs/p1_door_open_diagnosis/mw-door-open-v3-struct_mem-20260413-121115-seed1,mw-door-open-v3-struct_mem-20260413-121115-seed1,door-open-v3,struct_mem,PD,60,0.0,200.0,299.7522597143835,0.0,0.0,0.0,20,1,8.50862979888916,2026-04-13T12:11:23
runs/p1_door_open_diagnosis/mw-door-open-v3-struct_mem-20260413-121125-seed2,mw-door-open-v3-struct_mem-20260413-121125-seed2,door-open-v3,struct_mem,PD,60,0.0,200.0,321.16253839837094,0.0,0.0,0.0,20,1,8.275848388671875,2026-04-13T12:11:33
runs/p1_door_open_diagnosis/mw-door-open-v3-struct_mem-20260413-121135-seed3,mw-door-open-v3-struct_mem-20260413-121135-seed3,door-open-v3,struct_mem,PD,60,0.0,200.0,295.2956725513231,0.0,0.0,0.0,20,1,8.279064893722534,2026-04-13T12:11:43
runs/p1_door_open_diagnosis/mw-door-open-v3-struct_mem-20260413-121145-seed4,mw-door-open-v3-struct_mem-20260413-121145-seed4,door-open-v3,struct_mem,PD,60,0.0,200.0,298.2058003872473,0.0,0.0,0.0,20,1,8.318846464157104,2026-04-13T12:11:54
runs/p1_door_open_diagnosis/mw-door-open-v3-text_buf-20260413-121013-seed0,mw-door-open-v3-text_buf-20260413-121013-seed0,door-open-v3,text_buf,PD,60,0.0,200.0,305.24256167308306,0.0,0.0,0.0,20,1,8.578182458877563,2026-04-13T12:10:21
runs/p1_door_open_diagnosis/mw-door-open-v3-text_buf-20260413-121023-seed1,mw-door-open-v3-text_buf-20260413-121023-seed1,door-open-v3,text_buf,PD,60,0.0,200.0,302.7298252875875,0.0,0.0,0.0,20,1,8.500458478927612,2026-04-13T12:10:32
runs/p1_door_open_diagnosis/mw-door-open-v3-text_buf-20260413-121033-seed2,mw-door-open-v3-text_buf-20260413-121033-seed2,door-open-v3,text_buf,PD,60,0.0,200.0,321.93349888335166,0.0,0.0,0.0,20,1,8.41043472290039,2026-04-13T12:10:42
runs/p1_door_open_diagnosis/mw-door-open-v3-text_buf-20260413-121044-seed3,mw-door-open-v3-text_buf-20260413-121044-seed3,door-open-v3,text_buf,PD,60,0.0,200.0,296.2504401293452,0.0,0.0,0.0,20,1,8.438356399536133,2026-04-13T12:10:52
runs/p1_door_open_diagnosis/mw-door-open-v3-text_buf-20260413-121054-seed4,mw-door-open-v3-text_buf-20260413-121054-seed4,door-open-v3,text_buf,PD,60,0.0,200.0,301.2135692675971,0.0,0.0,0.0,20,1,8.60284948348999,2026-04-13T12:11:03
runs/p2_extended_tasks/mw-basketball-v3-no_mem-20260413-121310-seed0,mw-basketball-v3-no_mem-20260413-121310-seed0,basketball-v3,no_mem,PD,60,0.016666666666666666,200.0,369.0057878620212,0.0,0.0,0.0,20,1,5.739654541015625,2026-04-13T12:13:16
runs/p2_extended_tasks/mw-basketball-v3-no_mem-20260413-121318-seed1,mw-basketball-v3-no_mem-20260413-121318-seed1,basketball-v3,no_mem,PD,60,0.0,200.0,310.24418315113934,0.0,0.0,0.0,20,1,5.575361013412476,2026-04-13T12:13:23
runs/p2_extended_tasks/mw-basketball-v3-no_mem-20260413-121325-seed2,mw-basketball-v3-no_mem-20260413-121325-seed2,basketball-v3,no_mem,PD,60,0.0,200.0,393.95938579323825,0.0,0.0,0.0,20,1,5.593210458755493,2026-04-13T12:13:31
runs/p2_extended_tasks/mw-basketball-v3-struct_mem-20260413-121358-seed0,mw-basketball-v3-struct_mem-20260413-121358-seed0,basketball-v3,struct_mem,PD,60,0.55,200.0,416.30491855812414,0.0,0.9166666666666666,0.0,20,1,6.6444079875946045,2026-04-13T12:14:04
runs/p2_extended_tasks/mw-basketball-v3-struct_mem-20260413-121406-seed1,mw-basketball-v3-struct_mem-20260413-121406-seed1,basketball-v3,struct_mem,PD,60,0.48333333333333334,200.0,333.34801488521344,0.0,0.95,0.0,20,1,6.3074164390563965,2026-04-13T12:14:13
runs/p2_extended_tasks/mw-basketball-v3-struct_mem-20260413-121414-seed2,mw-basketball-v3-struct_mem-20260413-121414-seed2,basketball-v3,struct_mem,PD,60,0.55,200.0,425.29053685759067,0.0,0.95,0.0,20,1,6.168514728546143,2026-04-13T12:14:20
runs/p2_extended_tasks/mw-basketball-v3-text_buf-20260413-121333-seed0,mw-basketball-v3-text_buf-20260413-121333-seed0,basketball-v3,text_buf,PD,60,0.5333333333333333,200.0,391.4203598303283,0.0,1.0,0.0,20,1,6.53951096534729,2026-04-13T12:13:39
runs/p2_extended_tasks/mw-basketball-v3-text_buf-20260413-121341-seed1,mw-basketball-v3-text_buf-20260413-121341-seed1,basketball-v3,text_buf,PD,60,0.5166666666666667,200.0,340.37120002432783,0.0,1.0,0.0,20,1,6.1688761711120605,2026-04-13T12:13:47
runs/p2_extended_tasks/mw-basketball-v3-text_buf-20260413-121349-seed2,mw-basketball-v3-text_buf-20260413-121349-seed2,basketball-v3,text_buf,PD,60,0.5666666666666667,200.0,404.3595482747148,0.0,1.0,0.0,20,1,6.737298250198364,2026-04-13T12:13:56
runs/p2_extended_tasks/mw-button-press-topdown-v3-no_mem-20260413-121523-seed0,mw-button-press-topdown-v3-no_mem-20260413-121523-seed0,button-press-topdown-v3,no_mem,PD,60,0.0,200.0,128.25553079773024,0.0,0.0,0.0,20,1,4.7861878871917725,2026-04-13T12:15:27
runs/p2_extended_tasks/mw-button-press-topdown-v3-no_mem-20260413-121529-seed1,mw-button-press-topdown-v3-no_mem-20260413-121529-seed1,button-press-topdown-v3,no_mem,PD,60,0.0,200.0,132.07939153157062,0.0,0.0,0.0,20,1,4.378652095794678,2026-04-13T12:15:33
runs/p2_extended_tasks/mw-button-press-topdown-v3-no_mem-20260413-121535-seed2,mw-button-press-topdown-v3-no_mem-20260413-121535-seed2,button-press-topdown-v3,no_mem,PD,60,0.0,200.0,121.43905552422257,0.0,0.0,0.0,20,1,4.641840219497681,2026-04-13T12:15:40
runs/p2_extended_tasks/mw-button-press-topdown-v3-struct_mem-20260413-121601-seed0,mw-button-press-topdown-v3-struct_mem-20260413-121601-seed0,button-press-topdown-v3,struct_mem,PD,60,0.0,200.0,128.25553079773024,0.0,0.0,0.0,20,1,5.282718896865845,2026-04-13T12:16:07
runs/p2_extended_tasks/mw-button-press-topdown-v3-struct_mem-20260413-121608-seed1,mw-button-press-topdown-v3-struct_mem-20260413-121608-seed1,button-press-topdown-v3,struct_mem,PD,60,0.0,200.0,132.07939153157062,0.0,0.0,0.0,20,1,5.144616365432739,2026-04-13T12:16:13
runs/p2_extended_tasks/mw-button-press-topdown-v3-struct_mem-20260413-121615-seed2,mw-button-press-topdown-v3-struct_mem-20260413-121615-seed2,button-press-topdown-v3,struct_mem,PD,60,0.0,200.0,121.43905552422257,0.0,0.0,0.0,20,1,5.365754842758179,2026-04-13T12:16:21
runs/p2_extended_tasks/mw-button-press-topdown-v3-text_buf-20260413-121541-seed0,mw-button-press-topdown-v3-text_buf-20260413-121541-seed0,button-press-topdown-v3,text_buf,PD,60,0.0,200.0,127.20359836953573,0.0,0.0,0.0,20,1,4.971654415130615,2026-04-13T12:15:46
runs/p2_extended_tasks/mw-button-press-topdown-v3-text_buf-20260413-121548-seed1,mw-button-press-topdown-v3-text_buf-20260413-121548-seed1,button-press-topdown-v3,text_buf,PD,60,0.0,200.0,126.56946679232097,0.0,0.0,0.0,20,1,5.0379931926727295,2026-04-13T12:15:53
runs/p2_extended_tasks/mw-button-press-topdown-v3-text_buf-20260413-121555-seed2,mw-button-press-topdown-v3-text_buf-20260413-121555-seed2,button-press-topdown-v3,text_buf,PD,60,0.0,200.0,120.966096385749,0.0,0.0,0.0,20,1,4.920365571975708,2026-04-13T12:16:00
runs/p2_extended_tasks/mw-drawer-open-v3-no_mem-20260413-120943-seed0,mw-drawer-open-v3-no_mem-20260413-120943-seed0,drawer-open-v3,no_mem,PD,60,0.0,200.0,838.4841667708024,0.0,0.0,0.0,20,1,5.112843036651611,2026-04-13T12:09:49
runs/p2_extended_tasks/mw-drawer-open-v3-no_mem-20260413-120950-seed1,mw-drawer-open-v3-no_mem-20260413-120950-seed1,drawer-open-v3,no_mem,PD,60,0.0,200.0,847.1948451254668,0.0,0.0,0.0,20,1,5.348256349563599,2026-04-13T12:09:56
runs/p2_extended_tasks/mw-drawer-open-v3-no_mem-20260413-120957-seed2,mw-drawer-open-v3-no_mem-20260413-120957-seed2,drawer-open-v3,no_mem,PD,60,0.0,200.0,842.4445810117987,0.0,0.0,0.0,20,1,5.214280128479004,2026-04-13T12:10:03
runs/p2_extended_tasks/mw-drawer-open-v3-struct_mem-20260413-121028-seed0,mw-drawer-open-v3-struct_mem-20260413-121028-seed0,drawer-open-v3,struct_mem,PD,60,0.0,200.0,838.4841667708024,0.0,0.0,0.0,20,1,6.094308376312256,2026-04-13T12:10:35
runs/p2_extended_tasks/mw-drawer-open-v3-struct_mem-20260413-121037-seed1,mw-drawer-open-v3-struct_mem-20260413-121037-seed1,drawer-open-v3,struct_mem,PD,60,0.0,200.0,847.1948451254668,0.0,0.0,0.0,20,1,6.104639291763306,2026-04-13T12:10:43
runs/p2_extended_tasks/mw-drawer-open-v3-struct_mem-20260413-121044-seed2,mw-drawer-open-v3-struct_mem-20260413-121044-seed2,drawer-open-v3,struct_mem,PD,60,0.0,200.0,842.4445810117987,0.0,0.0,0.0,20,1,6.1383607387542725,2026-04-13T12:10:51
runs/p2_extended_tasks/mw-drawer-open-v3-text_buf-20260413-121004-seed0,mw-drawer-open-v3-text_buf-20260413-121004-seed0,drawer-open-v3,text_buf,PD,60,0.0,200.0,841.5020864451764,0.0,0.0,0.0,20,1,6.087320566177368,2026-04-13T12:10:10
runs/p2_extended_tasks/mw-drawer-open-v3-text_buf-20260413-121013-seed1,mw-drawer-open-v3-text_buf-20260413-121013-seed1,drawer-open-v3,text_buf,PD,60,0.0,200.0,848.8118473326801,0.0,0.0,0.0,20,1,6.060213088989258,2026-04-13T12:10:19
runs/p2_extended_tasks/mw-drawer-open-v3-text_buf-20260413-121020-seed2,mw-drawer-open-v3-text_buf-20260413-121020-seed2,drawer-open-v3,text_buf,PD,60,0.0,200.0,844.495646935052,0.0,0.0,0.0,20,1,6.028930425643921,2026-04-13T12:10:26
runs/p2_extended_tasks/mw-faucet-open-v3-no_mem-20260413-121422-seed0,mw-faucet-open-v3-no_mem-20260413-121422-seed0,faucet-open-v3,no_mem,PD,60,0.0,200.0,768.4798319325521,0.0,0.0,0.0,20,1,4.837190866470337,2026-04-13T12:14:27
runs/p2_extended_tasks/mw-faucet-open-v3-no_mem-20260413-121429-seed1,mw-faucet-open-v3-no_mem-20260413-121429-seed1,faucet-open-v3,no_mem,PD,60,0.0,200.0,774.183573397376,0.0,0.0,0.0,20,1,4.564035415649414,2026-04-13T12:14:33
runs/p2_extended_tasks/mw-faucet-open-v3-no_mem-20260413-121435-seed2,mw-faucet-open-v3-no_mem-20260413-121435-seed2,faucet-open-v3,no_mem,PD,60,0.0,200.0,785.7625940750412,0.0,0.0,0.0,20,1,4.640780687332153,2026-04-13T12:14:40
runs/p2_extended_tasks/mw-faucet-open-v3-struct_mem-20260413-121502-seed0,mw-faucet-open-v3-struct_mem-20260413-121502-seed0,faucet-open-v3,struct_mem,PD,60,0.0,200.0,768.4798319325521,0.0,0.0,0.0,20,1,5.141539812088013,2026-04-13T12:15:07
runs/p2_extended_tasks/mw-faucet-open-v3-struct_mem-20260413-121509-seed1,mw-faucet-open-v3-struct_mem-20260413-121509-seed1,faucet-open-v3,struct_mem,PD,60,0.0,200.0,774.183573397376,0.0,0.0,0.0,20,1,5.166382074356079,2026-04-13T12:15:14
runs/p2_extended_tasks/mw-faucet-open-v3-struct_mem-20260413-121516-seed2,mw-faucet-open-v3-struct_mem-20260413-121516-seed2,faucet-open-v3,struct_mem,PD,60,0.0,200.0,785.7625940750412,0.0,0.0,0.0,20,1,5.068367004394531,2026-04-13T12:15:21
runs/p2_extended_tasks/mw-faucet-open-v3-text_buf-20260413-121441-seed0,mw-faucet-open-v3-text_buf-20260413-121441-seed0,faucet-open-v3,text_buf,PD,60,0.0,200.0,777.305643232507,0.0,0.0,0.0,20,1,5.2136828899383545,2026-04-13T12:14:47
runs/p2_extended_tasks/mw-faucet-open-v3-text_buf-20260413-121448-seed1,mw-faucet-open-v3-text_buf-20260413-121448-seed1,faucet-open-v3,text_buf,PD,60,0.0,200.0,775.8782312843741,0.0,0.0,0.0,20,1,5.197854280471802,2026-04-13T12:14:54
runs/p2_extended_tasks/mw-faucet-open-v3-text_buf-20260413-121455-seed2,mw-faucet-open-v3-text_buf-20260413-121455-seed2,faucet-open-v3,text_buf,PD,60,0.0,200.0,788.3589534558997,0.0,0.0,0.0,20,1,5.157524824142456,2026-04-13T12:15:00
runs/p2_extended_tasks/mw-shelf-place-v3-no_mem-20260413-121053-seed0,mw-shelf-place-v3-no_mem-20260413-121053-seed0,shelf-place-v3,no_mem,PD,60,0.0,200.0,237.80709254087878,0.0,0.0,0.0,20,1,13.434394598007202,2026-04-13T12:11:06
runs/p2_extended_tasks/mw-shelf-place-v3-no_mem-20260413-121108-seed1,mw-shelf-place-v3-no_mem-20260413-121108-seed1,shelf-place-v3,no_mem,PD,60,0.0,200.0,217.40758571117175,0.0,0.0,0.0,20,1,13.134812593460083,2026-04-13T12:11:21
runs/p2_extended_tasks/mw-shelf-place-v3-no_mem-20260413-121123-seed2,mw-shelf-place-v3-no_mem-20260413-121123-seed2,shelf-place-v3,no_mem,PD,60,0.0,200.0,224.33660278297722,0.0,0.0,0.0,20,1,12.602731466293335,2026-04-13T12:11:36
runs/p2_extended_tasks/mw-shelf-place-v3-struct_mem-20260413-121223-seed0,mw-shelf-place-v3-struct_mem-20260413-121223-seed0,shelf-place-v3,struct_mem,PD,60,0.0,200.0,242.6808227887095,0.0,1.0,0.0,20,1,13.531720399856567,2026-04-13T12:12:37
runs/p2_extended_tasks/mw-shelf-place-v3-struct_mem-20260413-121239-seed1,mw-shelf-place-v3-struct_mem-20260413-121239-seed1,shelf-place-v3,struct_mem,PD,60,0.0,200.0,236.0684654810205,0.0,0.9833333333333333,0.0,20,1,13.805805444717407,2026-04-13T12:12:53
runs/p2_extended_tasks/mw-shelf-place-v3-struct_mem-20260413-121255-seed2,mw-shelf-place-v3-struct_mem-20260413-121255-seed2,shelf-place-v3,struct_mem,PD,60,0.0,200.0,232.92302612299997,0.0,0.9666666666666667,0.0,20,1,13.710641145706177,2026-04-13T12:13:08
runs/p2_extended_tasks/mw-shelf-place-v3-text_buf-20260413-121138-seed0,mw-shelf-place-v3-text_buf-20260413-121138-seed0,shelf-place-v3,text_buf,PD,60,0.0,200.0,238.6295676161216,0.0,1.0,0.0,20,1,14.004255294799805,2026-04-13T12:11:52
runs/p2_extended_tasks/mw-shelf-place-v3-text_buf-20260413-121153-seed1,mw-shelf-place-v3-text_buf-20260413-121153-seed1,shelf-place-v3,text_buf,PD,60,0.0,200.0,227.65202598991218,0.0,1.0,0.0,20,1,13.208680629730225,2026-04-13T12:12:07
runs/p2_extended_tasks/mw-shelf-place-v3-text_buf-20260413-121209-seed2,mw-shelf-place-v3-text_buf-20260413-121209-seed2,shelf-place-v3,text_buf,PD,60,0.0,200.0,243.57645067433222,0.0,1.0,0.0,20,1,13.01359748840332,2026-04-13T12:12:22
runs/p2_extended_tasks/mw-sweep-v3-no_mem-20260413-121622-seed0,mw-sweep-v3-no_mem-20260413-121622-seed0,sweep-v3,no_mem,PD,60,0.0,200.0,38.984083907993934,0.0,0.0,0.0,20,1,9.63979959487915,2026-04-13T12:16:32
runs/p2_extended_tasks/mw-sweep-v3-no_mem-20260413-121634-seed1,mw-sweep-v3-no_mem-20260413-121634-seed1,sweep-v3,no_mem,PD,60,0.0,200.0,41.85059410740085,0.0,0.0,0.0,20,1,9.324349403381348,2026-04-13T12:16:43
runs/p2_extended_tasks/mw-sweep-v3-no_mem-20260413-121645-seed2,mw-sweep-v3-no_mem-20260413-121645-seed2,sweep-v3,no_mem,PD,60,0.0,200.0,39.295045320263505,0.0,0.0,0.0,20,1,9.990201950073242,2026-04-13T12:16:55
runs/p2_extended_tasks/mw-sweep-v3-struct_mem-20260413-121732-seed0,mw-sweep-v3-struct_mem-20260413-121732-seed0,sweep-v3,struct_mem,PD,60,0.0,200.0,38.984083907993934,0.0,0.0,0.0,20,1,10.043006181716919,2026-04-13T12:17:42
runs/p2_extended_tasks/mw-sweep-v3-struct_mem-20260413-121744-seed1,mw-sweep-v3-struct_mem-20260413-121744-seed1,sweep-v3,struct_mem,PD,60,0.0,200.0,41.85059410740085,0.0,0.0,0.0,20,1,9.470202207565308,2026-04-13T12:17:53
runs/p2_extended_tasks/mw-sweep-v3-struct_mem-20260413-121755-seed2,mw-sweep-v3-struct_mem-20260413-121755-seed2,sweep-v3,struct_mem,PD,60,0.0,200.0,39.295045320263505,0.0,0.0,0.0,20,1,10.056990146636963,2026-04-13T12:18:05
runs/p2_extended_tasks/mw-sweep-v3-text_buf-20260413-121657-seed0,mw-sweep-v3-text_buf-20260413-121657-seed0,sweep-v3,text_buf,PD,60,0.0,200.0,38.984083907993934,0.0,0.0,0.0,20,1,9.996083498001099,2026-04-13T12:17:07
runs/p2_extended_tasks/mw-sweep-v3-text_buf-20260413-121709-seed1,mw-sweep-v3-text_buf-20260413-121709-seed1,sweep-v3,text_buf,PD,60,0.0,200.0,41.85059410740085,0.0,0.0,0.0,20,1,9.760577201843262,2026-04-13T12:17:19
runs/p2_extended_tasks/mw-sweep-v3-text_buf-20260413-121720-seed2,mw-sweep-v3-text_buf-20260413-121720-seed2,sweep-v3,text_buf,PD,60,0.0,200.0,39.295045320263505,0.0,0.0,0.0,20,1,9.619296789169312,2026-04-13T12:17:30
runs/quick_test/mw-reach-v3-text_buf-20260413-112114-seed0,mw-reach-v3-text_buf-20260413-112114-seed0,reach-v3,text_buf,PD,2,0.5,200.0,1829.56854606443,0.0,0.0,0.0,20,1,0.2077946662902832,2026-04-13T11:21:14
runs/retry_budget_ablation/retry3/mw-pick-place-v3-struct_mem-20260413-112548-seed0,mw-pick-place-v3-struct_mem-20260413-112548-seed0,pick-place-v3,struct_mem,PD,60,0.26666666666666666,200.0,93.5701278355718,2.216666666666667,1.0,2.216666666666667,20,1,12.453962564468384,2026-04-13T11:26:01
runs/retry_budget_ablation/retry3/mw-pick-place-v3-struct_mem-20260413-112603-seed1,mw-pick-place-v3-struct_mem-20260413-112603-seed1,pick-place-v3,struct_mem,PD,60,0.2,200.0,71.19357589729307,2.1166666666666667,0.9833333333333333,2.1166666666666667,20,1,11.723947763442993,2026-04-13T11:26:14
runs/retry_budget_ablation/retry3/mw-pick-place-v3-struct_mem-20260413-112616-seed2,mw-pick-place-v3-struct_mem-20260413-112616-seed2,pick-place-v3,struct_mem,PD,60,0.18333333333333332,200.0,87.63983616750333,2.05,1.0,2.05,20,1,12.40194582939148,2026-04-13T11:26:29
runs/retry_budget_ablation/retry3/mw-pick-place-v3-text_buf-20260413-112505-seed0,mw-pick-place-v3-text_buf-20260413-112505-seed0,pick-place-v3,text_buf,PD,60,0.21666666666666667,200.0,82.3277598744028,2.216666666666667,0.95,2.216666666666667,20,1,12.633366584777832,2026-04-13T11:25:18
runs/retry_budget_ablation/retry3/mw-pick-place-v3-text_buf-20260413-112519-seed1,mw-pick-place-v3-text_buf-20260413-112519-seed1,pick-place-v3,text_buf,PD,60,0.25,200.0,70.46012004205554,2.1,0.9166666666666666,2.1,20,1,12.318044662475586,2026-04-13T11:25:32
runs/retry_budget_ablation/retry3/mw-pick-place-v3-text_buf-20260413-112534-seed2,mw-pick-place-v3-text_buf-20260413-112534-seed2,pick-place-v3,text_buf,PD,60,0.16666666666666666,200.0,73.72308883081014,2.183333333333333,0.9333333333333333,2.183333333333333,20,1,12.668060541152954,2026-04-13T11:25:46
runs/retry_budget_ablation/retry3/mw-push-v3-struct_mem-20260413-112423-seed0,mw-push-v3-struct_mem-20260413-112423-seed0,push-v3,struct_mem,PD,60,0.95,200.0,1409.4884040092031,0.0,0.0,0.0,20,1,12.057761430740356,2026-04-13T11:24:35
runs/retry_budget_ablation/retry3/mw-push-v3-struct_mem-20260413-112437-seed1,mw-push-v3-struct_mem-20260413-112437-seed1,push-v3,struct_mem,PD,60,0.3,200.0,432.62839997964454,0.0,0.0,0.0,20,1,11.773066997528076,2026-04-13T11:24:49
runs/retry_budget_ablation/retry3/mw-push-v3-struct_mem-20260413-112451-seed2,mw-push-v3-struct_mem-20260413-112451-seed2,push-v3,struct_mem,PD,60,0.9333333333333333,200.0,1386.4900645101707,0.0,0.0,0.0,20,1,12.280099153518677,2026-04-13T11:25:03
runs/retry_budget_ablation/retry3/mw-push-v3-text_buf-20260413-112343-seed0,mw-push-v3-text_buf-20260413-112343-seed0,push-v3,text_buf,PD,60,0.95,200.0,1409.5598077491013,0.0,0.0,0.0,20,1,11.65278148651123,2026-04-13T11:23:55
runs/retry_budget_ablation/retry3/mw-push-v3-text_buf-20260413-112357-seed1,mw-push-v3-text_buf-20260413-112357-seed1,push-v3,text_buf,PD,60,0.3,200.0,431.517562011406,0.0,0.0,0.0,20,1,11.936101198196411,2026-04-13T11:24:09
runs/retry_budget_ablation/retry3/mw-push-v3-text_buf-20260413-112410-seed2,mw-push-v3-text_buf-20260413-112410-seed2,push-v3,text_buf,PD,60,0.9333333333333333,200.0,1386.4513279889838,0.0,0.0,0.0,20,1,11.244569301605225,2026-04-13T11:24:22
runs/retry_budget_ablation/retry3/mw-reach-v3-struct_mem-20260413-112318-seed0,mw-reach-v3-struct_mem-20260413-112318-seed0,reach-v3,struct_mem,PD,60,0.6,200.0,1821.9333432856629,0.0,0.0,0.0,20,1,6.956891059875488,2026-04-13T11:23:25
runs/retry_budget_ablation/retry3/mw-reach-v3-struct_mem-20260413-112327-seed1,mw-reach-v3-struct_mem-20260413-112327-seed1,reach-v3,struct_mem,PD,60,0.6833333333333333,200.0,1848.4575675494368,0.0,0.0,0.0,20,1,6.6995885372161865,2026-04-13T11:23:33
runs/retry_budget_ablation/retry3/mw-reach-v3-struct_mem-20260413-112335-seed2,mw-reach-v3-struct_mem-20260413-112335-seed2,reach-v3,struct_mem,PD,60,0.7333333333333333,200.0,1833.373436376135,0.0,0.0,0.0,20,1,6.312805891036987,2026-04-13T11:23:41
runs/retry_budget_ablation/retry3/mw-reach-v3-text_buf-20260413-112253-seed0,mw-reach-v3-text_buf-20260413-112253-seed0,reach-v3,text_buf,PD,60,0.6,200.0,1821.9333432856629,0.0,0.0,0.0,20,1,6.598571538925171,2026-04-13T11:22:59
runs/retry_budget_ablation/retry3/mw-reach-v3-text_buf-20260413-112301-seed1,mw-reach-v3-text_buf-20260413-112301-seed1,reach-v3,text_buf,PD,60,0.6833333333333333,200.0,1848.4575675494368,0.0,0.0,0.0,20,1,6.677506923675537,2026-04-13T11:23:08
runs/retry_budget_ablation/retry3/mw-reach-v3-text_buf-20260413-112309-seed2,mw-reach-v3-text_buf-20260413-112309-seed2,reach-v3,text_buf,PD,60,0.7333333333333333,200.0,1833.373436376135,0.0,0.0,0.0,20,1,6.6122517585754395,2026-04-13T11:23:16
runs/sanity_v3/mw-reach-v3-no_mem-20260410-181732-seed0,mw-reach-v3-no_mem-20260410-181732-seed0,reach-v3,no_mem,PD,10,0.0,200.0,90.54076249932594,0.0,0.0,0.0,20,1,1.155496597290039,2026-04-10T18:17:33
runs/sanity_v3/mw-reach-v3-text_buf-20260410-181747-seed0,mw-reach-v3-text_buf-20260410-181747-seed0,reach-v3,text_buf,PD,10,0.0,200.0,90.54076249932594,0.0,0.0,0.0,20,1,1.186262607574463,2026-04-10T18:17:48
runs/sanity_v3b/mw-reach-v3-no_mem-20260410-182205-seed0,mw-reach-v3-no_mem-20260410-182205-seed0,reach-v3,no_mem,PD,10,0.0,200.0,92.94120834657171,0.0,0.0,0.0,20,1,1.163226842880249,2026-04-10T18:22:07
runs/sanity_v3b/mw-reach-v3-text_buf-20260410-182229-seed0,mw-reach-v3-text_buf-20260410-182229-seed0,reach-v3,text_buf,PD,10,0.0,200.0,92.94120834657171,0.0,0.0,0.0,20,1,1.1957833766937256,2026-04-10T18:22:31
runs/sanity_v3c/mw-pick-place-v3-no_mem-20260410-182629-seed0,mw-pick-place-v3-no_mem-20260410-182629-seed0,pick-place-v3,no_mem,PD,10,0.0,200.0,268.70613030375756,0.0,0.0,0.0,20,1,1.9323370456695557,2026-04-10T18:26:31
runs/sanity_v3c/mw-pick-place-v3-struct_mem-20260410-182608-seed0,mw-pick-place-v3-struct_mem-20260410-182608-seed0,pick-place-v3,struct_mem,PD,10,0.6,200.0,106.63695642398503,2.0,1.0,2.0,20,1,2.0547561645507812,2026-04-10T18:26:10
runs/sanity_v3c/mw-pick-place-v3-text_buf-20260410-182632-seed0,mw-pick-place-v3-text_buf-20260410-182632-seed0,pick-place-v3,text_buf,PD,10,0.3,200.0,85.8258642262621,2.0,1.0,2.0,20,1,1.9025325775146484,2026-04-10T18:26:34
runs/sanity_v3c/mw-reach-v3-no_mem-20260410-182531-seed0,mw-reach-v3-no_mem-20260410-182531-seed0,reach-v3,no_mem,PD,10,0.0,200.0,483.47286626219693,0.0,0.0,0.0,20,1,1.0663964748382568,2026-04-10T18:25:33
runs/sanity_v3c/mw-reach-v3-struct_mem-20260410-182537-seed0,mw-reach-v3-struct_mem-20260410-182537-seed0,reach-v3,struct_mem,PD,10,0.7,200.0,1829.006845477743,0.0,0.0,0.0,20,1,1.12569260597229,2026-04-10T18:25:38
runs/sanity_v3c/mw-reach-v3-text_buf-20260410-182534-seed0,mw-reach-v3-text_buf-20260410-182534-seed0,reach-v3,text_buf,PD,10,0.7,200.0,1829.006845477743,0.0,0.0,0.0,20,1,1.2355754375457764,2026-04-10T18:25:36
runs/sanity_v3d/mw-door-open-v3-no_mem-20260410-184255-seed0,mw-door-open-v3-no_mem-20260410-184255-seed0,door-open-v3,no_mem,PD,10,0.0,200.0,300.53163562364915,0.0,0.0,0.0,20,1,1.2322256565093994,2026-04-10T18:42:56
runs/sanity_v3d/mw-door-open-v3-struct_mem-20260410-184301-seed0,mw-door-open-v3-struct_mem-20260410-184301-seed0,door-open-v3,struct_mem,PD,10,0.0,200.0,247.78037496262877,2.7,0.0,2.7,20,1,1.3126072883605957,2026-04-10T18:43:02
runs/sanity_v3d/mw-door-open-v3-text_buf-20260410-184258-seed0,mw-door-open-v3-text_buf-20260410-184258-seed0,door-open-v3,text_buf,PD,10,0.0,200.0,260.09351723022723,2.9,0.0,2.9,20,1,1.3457911014556885,2026-04-10T18:42:59
runs/sanity_v3d/mw-push-v3-no_mem-20260410-184226-seed0,mw-push-v3-no_mem-20260410-184226-seed0,push-v3,no_mem,PD,10,0.0,200.0,109.52709611106827,0.0,0.0,0.0,20,1,1.7831940650939941,2026-04-10T18:42:28
runs/sanity_v3d/mw-push-v3-struct_mem-20260410-184234-seed0,mw-push-v3-struct_mem-20260410-184234-seed0,push-v3,struct_mem,PD,10,1.0,200.0,1474.4151370553548,0.0,0.0,0.0,20,1,1.9045603275299072,2026-04-10T18:42:36
runs/sanity_v3d/mw-push-v3-text_buf-20260410-184230-seed0,mw-push-v3-text_buf-20260410-184230-seed0,push-v3,text_buf,PD,10,1.0,200.0,1474.4151370553548,0.0,0.0,0.0,20,1,1.8631813526153564,2026-04-10T18:42:32
runs/v2_test/mw-button-press-topdown-v3-no_mem-20260413-160940-seed0,mw-button-press-topdown-v3-no_mem-20260413-160940-seed0,button-press-topdown-v3,no_mem,PD,10,0.2,200.0,271.7944019498969,0.0,0.0,0.0,20,1,0.7960305213928223,2026-04-13T16:09:41
runs/v2_test/mw-button-press-topdown-v3-no_mem-20260413-161020-seed0,mw-button-press-topdown-v3-no_mem-20260413-161020-seed0,button-press-topdown-v3,no_mem,PD,10,0.2,200.0,271.7944019498969,0.0,0.0,0.0,20,1,0.7649471759796143,2026-04-13T16:10:21
runs/v2_test/mw-button-press-topdown-v3-no_mem-20260413-161350-seed0,mw-button-press-topdown-v3-no_mem-20260413-161350-seed0,button-press-topdown-v3,no_mem,PD,20,0.15,200.0,271.4666290520046,0.0,0.0,0.0,20,1,1.5420386791229248,2026-04-13T16:13:51
runs/v2_test/mw-button-press-topdown-v3-no_mem-20260413-161507-seed0,mw-button-press-topdown-v3-no_mem-20260413-161507-seed0,button-press-topdown-v3,no_mem,PD,20,0.15,200.0,271.4666290520046,0.0,0.0,0.0,20,1,1.5800423622131348,2026-04-13T16:15:08
runs/v2_test/mw-button-press-topdown-v3-no_mem-20260413-162356-seed0,mw-button-press-topdown-v3-no_mem-20260413-162356-seed0,button-press-topdown-v3,no_mem,PD,20,0.0,200.0,136.77872907007344,0.0,0.0,0.0,20,1,1.663055658340454,2026-04-13T16:23:58
runs/v2_test/mw-button-press-topdown-v3-no_mem-20260413-162623-seed0,mw-button-press-topdown-v3-no_mem-20260413-162623-seed0,button-press-topdown-v3,no_mem,PD,20,0.7,200.0,77.59749988305065,0.0,0.0,0.0,20,1,1.746150255203247,2026-04-13T16:26:24
runs/v2_test/mw-button-press-topdown-v3-struct_mem-20260413-155151-seed0,mw-button-press-topdown-v3-struct_mem-20260413-155151-seed0,button-press-topdown-v3,struct_mem,PD,5,0.4,200.0,244.81982271922934,0.0,0.0,0.0,20,1,0.43122339248657227,2026-04-13T15:51:51
runs/v2_test/mw-button-press-topdown-v3-struct_mem-20260413-155241-seed0,mw-button-press-topdown-v3-struct_mem-20260413-155241-seed0,button-press-topdown-v3,struct_mem,PD,5,0.4,200.0,244.81982271922934,0.0,0.0,0.0,20,1,0.4461486339569092,2026-04-13T15:52:42
runs/v2_test/mw-button-press-topdown-v3-struct_mem-20260413-160003-seed0,mw-button-press-topdown-v3-struct_mem-20260413-160003-seed0,button-press-topdown-v3,struct_mem,PD,10,0.2,200.0,271.7944019498969,0.0,0.0,0.0,20,1,0.8673465251922607,2026-04-13T16:00:04
runs/v2_test/mw-door-open-v3-no_mem-20260413-160308-seed0,mw-door-open-v3-no_mem-20260413-160308-seed0,door-open-v3,no_mem,PD,10,0.0,200.0,413.8827269487568,0.0,0.0,0.0,20,1,1.2030165195465088,2026-04-13T16:03:09
runs/v2_test/mw-door-open-v3-no_mem-20260413-160432-seed0,mw-door-open-v3-no_mem-20260413-160432-seed0,door-open-v3,no_mem,PD,10,0.1,200.0,509.4068664492785,0.0,0.0,0.0,20,1,1.3555717468261719,2026-04-13T16:04:34
runs/v2_test/mw-door-open-v3-no_mem-20260413-160935-seed0,mw-door-open-v3-no_mem-20260413-160935-seed0,door-open-v3,no_mem,PD,10,0.1,200.0,585.3256608807916,0.0,0.0,0.0,20,1,1.3548431396484375,2026-04-13T16:09:36
runs/v2_test/mw-door-open-v3-no_mem-20260413-161015-seed0,mw-door-open-v3-no_mem-20260413-161015-seed0,door-open-v3,no_mem,PD,10,0.1,200.0,585.3256608807916,0.0,0.0,0.0,20,1,1.2784783840179443,2026-04-13T16:10:16
runs/v2_test/mw-door-open-v3-no_mem-20260413-161143-seed0,mw-door-open-v3-no_mem-20260413-161143-seed0,door-open-v3,no_mem,PD,20,0.1,200.0,558.044901113107,0.0,0.0,0.0,20,1,2.4983673095703125,2026-04-13T16:11:45
runs/v2_test/mw-door-open-v3-no_mem-20260413-161342-seed0,mw-door-open-v3-no_mem-20260413-161342-seed0,door-open-v3,no_mem,PD,20,0.8,200.0,642.4160298207205,0.0,0.0,0.0,20,1,2.537635087966919,2026-04-13T16:13:45
runs/v2_test/mw-door-open-v3-no_mem-20260413-161459-seed0,mw-door-open-v3-no_mem-20260413-161459-seed0,door-open-v3,no_mem,PD,20,0.8,200.0,642.4160298207205,0.0,0.0,0.0,20,1,2.6097493171691895,2026-04-13T16:15:02
runs/v2_test/mw-door-open-v3-no_mem-20260413-162348-seed0,mw-door-open-v3-no_mem-20260413-162348-seed0,door-open-v3,no_mem,PD,20,0.8,200.0,642.4160298207205,0.0,0.0,0.0,20,1,2.6296541690826416,2026-04-13T16:23:51
runs/v2_test/mw-door-open-v3-struct_mem-20260413-154606-seed0,mw-door-open-v3-struct_mem-20260413-154606-seed0,door-open-v3,struct_mem,PD,5,0.0,200.0,472.71603678670635,0.0,0.0,0.0,20,1,0.634810209274292,2026-04-13T15:46:07
runs/v2_test/mw-door-open-v3-struct_mem-20260413-155149-seed0,mw-door-open-v3-struct_mem-20260413-155149-seed0,door-open-v3,struct_mem,PD,5,0.0,200.0,487.8026483693323,0.0,0.0,0.0,20,1,0.6481294631958008,2026-04-13T15:51:49
runs/v2_test/mw-door-open-v3-struct_mem-20260413-155239-seed0,mw-door-open-v3-struct_mem-20260413-155239-seed0,door-open-v3,struct_mem,PD,5,0.0,200.0,487.8026483693323,0.0,0.0,0.0,20,1,0.6253848075866699,2026-04-13T15:52:40
runs/v2_test/mw-door-open-v3-struct_mem-20260413-155544-seed0,mw-door-open-v3-struct_mem-20260413-155544-seed0,door-open-v3,struct_mem,PD,10,0.0,200.0,477.2438068092291,0.0,0.0,0.0,20,1,1.334660291671753,2026-04-13T15:55:46
runs/v2_test/mw-door-open-v3-struct_mem-20260413-155958-seed0,mw-door-open-v3-struct_mem-20260413-155958-seed0,door-open-v3,struct_mem,PD,10,0.0,200.0,465.58611744303806,0.0,0.0,0.0,20,1,1.3606550693511963,2026-04-13T15:59:59
runs/v2_test/mw-door-open-v3-struct_mem-20260413-160238-seed0,mw-door-open-v3-struct_mem-20260413-160238-seed0,door-open-v3,struct_mem,PD,10,0.0,200.0,413.8827269487568,0.0,0.0,0.0,20,1,1.376100778579712,2026-04-13T16:02:40
runs/v2_test/mw-drawer-open-v3-no_mem-20260413-160435-seed0,mw-drawer-open-v3-no_mem-20260413-160435-seed0,drawer-open-v3,no_mem,PD,10,0.0,200.0,899.2080006384534,0.0,0.0,0.0,20,1,0.8654994964599609,2026-04-13T16:04:36
runs/v2_test/mw-drawer-open-v3-no_mem-20260413-160938-seed0,mw-drawer-open-v3-no_mem-20260413-160938-seed0,drawer-open-v3,no_mem,PD,10,0.0,200.0,1384.876538036705,0.0,0.0,0.0,20,1,0.760833740234375,2026-04-13T16:09:39
runs/v2_test/mw-drawer-open-v3-no_mem-20260413-161018-seed0,mw-drawer-open-v3-no_mem-20260413-161018-seed0,drawer-open-v3,no_mem,PD,10,0.0,200.0,1384.876538036705,0.0,0.0,0.0,20,1,0.7139697074890137,2026-04-13T16:10:18
runs/v2_test/mw-drawer-open-v3-no_mem-20260413-161147-seed0,mw-drawer-open-v3-no_mem-20260413-161147-seed0,drawer-open-v3,no_mem,PD,20,0.0,200.0,1433.123694595256,0.0,0.0,0.0,20,1,1.4219245910644531,2026-04-13T16:11:48
runs/v2_test/mw-drawer-open-v3-no_mem-20260413-161347-seed0,mw-drawer-open-v3-no_mem-20260413-161347-seed0,drawer-open-v3,no_mem,PD,20,1.0,200.0,1532.686468055921,0.0,0.0,0.0,20,1,1.4337077140808105,2026-04-13T16:13:48
runs/v2_test/mw-drawer-open-v3-no_mem-20260413-161504-seed0,mw-drawer-open-v3-no_mem-20260413-161504-seed0,drawer-open-v3,no_mem,PD,20,1.0,200.0,1532.686468055921,0.0,0.0,0.0,20,1,1.442671537399292,2026-04-13T16:15:05
runs/v2_test/mw-drawer-open-v3-no_mem-20260413-162353-seed0,mw-drawer-open-v3-no_mem-20260413-162353-seed0,drawer-open-v3,no_mem,PD,20,1.0,200.0,1532.686468055921,0.0,0.0,0.0,20,1,1.4473271369934082,2026-04-13T16:23:54
runs/v2_test/mw-drawer-open-v3-struct_mem-20260413-155155-seed0,mw-drawer-open-v3-struct_mem-20260413-155155-seed0,drawer-open-v3,struct_mem,PD,5,0.0,200.0,1089.6899514478087,0.0,0.0,0.0,20,1,0.43186211585998535,2026-04-13T15:51:55
runs/v2_test/mw-drawer-open-v3-struct_mem-20260413-155243-seed0,mw-drawer-open-v3-struct_mem-20260413-155243-seed0,drawer-open-v3,struct_mem,PD,5,0.0,200.0,1089.6899514478087,0.0,0.0,0.0,20,1,0.40955209732055664,2026-04-13T15:52:44
runs/v2_test/mw-drawer-open-v3-struct_mem-20260413-155547-seed0,mw-drawer-open-v3-struct_mem-20260413-155547-seed0,drawer-open-v3,struct_mem,PD,10,0.0,200.0,1161.429627759573,0.0,0.0,0.0,20,1,0.8406121730804443,2026-04-13T15:55:48
runs/v2_test/mw-drawer-open-v3-struct_mem-20260413-160001-seed0,mw-drawer-open-v3-struct_mem-20260413-160001-seed0,drawer-open-v3,struct_mem,PD,10,0.0,200.0,1243.3320982623004,0.0,0.0,0.0,20,1,0.8432967662811279,2026-04-13T16:00:02
runs/v2_test/mw-drawer-open-v3-struct_mem-20260413-160242-seed0,mw-drawer-open-v3-struct_mem-20260413-160242-seed0,drawer-open-v3,struct_mem,PD,10,0.0,200.0,939.5246341776472,0.0,0.0,0.0,20,1,0.92856764793396,2026-04-13T16:02:43
runs/v2_test/mw-faucet-open-v3-no_mem-20260413-160943-seed0,mw-faucet-open-v3-no_mem-20260413-160943-seed0,faucet-open-v3,no_mem,PD,10,0.0,200.0,794.2095165918779,0.0,0.0,0.0,20,1,0.9466681480407715,2026-04-13T16:09:43
runs/v2_test/mw-faucet-open-v3-no_mem-20260413-161418-seed0,mw-faucet-open-v3-no_mem-20260413-161418-seed0,faucet-open-v3,no_mem,PD,20,0.0,200.0,779.2424082186357,0.0,0.0,0.0,20,1,1.5117089748382568,2026-04-13T16:14:20
runs/v2_test/mw-faucet-open-v3-no_mem-20260413-162359-seed0,mw-faucet-open-v3-no_mem-20260413-162359-seed0,faucet-open-v3,no_mem,PD,20,0.75,200.0,1180.0828562974125,0.0,0.0,0.0,20,1,1.6595346927642822,2026-04-13T16:24:01
runs/v2_test/mw-faucet-open-v3-struct_mem-20260413-155153-seed0,mw-faucet-open-v3-struct_mem-20260413-155153-seed0,faucet-open-v3,struct_mem,PD,5,0.0,200.0,795.1881632084036,0.0,0.0,0.0,20,1,0.42433643341064453,2026-04-13T15:51:53
runs/v2_test/mw-shelf-place-v3-no_mem-20260413-160949-seed0,mw-shelf-place-v3-no_mem-20260413-160949-seed0,shelf-place-v3,no_mem,PD,10,0.0,200.0,328.81009897579787,0.0,0.0,0.0,20,1,2.190896511077881,2026-04-13T16:09:51
runs/v2_test/mw-shelf-place-v3-no_mem-20260413-161426-seed0,mw-shelf-place-v3-no_mem-20260413-161426-seed0,shelf-place-v3,no_mem,PD,20,0.0,200.0,316.1338689153266,0.0,0.0,0.0,20,1,4.135986328125,2026-04-13T16:14:30
runs/v2_test/mw-shelf-place-v3-no_mem-20260413-162408-seed0,mw-shelf-place-v3-no_mem-20260413-162408-seed0,shelf-place-v3,no_mem,PD,20,0.0,200.0,11.027616033361607,0.0,0.0,0.0,20,1,4.054673671722412,2026-04-13T16:24:12
runs/v2_test/mw-shelf-place-v3-no_mem-20260413-162631-seed0,mw-shelf-place-v3-no_mem-20260413-162631-seed0,shelf-place-v3,no_mem,PD,20,0.0,200.0,11.027616033361607,0.0,0.0,0.0,20,1,3.8619842529296875,2026-04-13T16:26:35
runs/v2_test/mw-shelf-place-v3-no_mem-20260413-162828-seed0,mw-shelf-place-v3-no_mem-20260413-162828-seed0,shelf-place-v3,no_mem,PD,20,0.0,200.0,11.027616033361607,0.0,0.0,0.0,20,1,3.7509312629699707,2026-04-13T16:28:32
runs/v2_test/mw-shelf-place-v3-struct_mem-20260413-155200-seed0,mw-shelf-place-v3-struct_mem-20260413-155200-seed0,shelf-place-v3,struct_mem,PD,5,0.0,200.0,246.80025967654424,0.0,1.0,0.0,20,1,1.1131014823913574,2026-04-13T15:52:01
runs/v2_test/mw-sweep-v3-no_mem-20260413-160945-seed0,mw-sweep-v3-no_mem-20260413-160945-seed0,sweep-v3,no_mem,PD,10,0.0,200.0,108.19273665353771,0.0,0.0,0.0,20,1,1.6190884113311768,2026-04-13T16:09:47
runs/v2_test/mw-sweep-v3-no_mem-20260413-161421-seed0,mw-sweep-v3-no_mem-20260413-161421-seed0,sweep-v3,no_mem,PD,20,0.0,200.0,102.34882335867454,0.0,0.0,0.0,20,1,3.137585401535034,2026-04-13T16:14:25
runs/v2_test/mw-sweep-v3-no_mem-20260413-162403-seed0,mw-sweep-v3-no_mem-20260413-162403-seed0,sweep-v3,no_mem,PD,20,0.0,200.0,35.28450007932095,0.0,0.0,0.0,20,1,3.017838954925537,2026-04-13T16:24:06
runs/v2_test/mw-sweep-v3-no_mem-20260413-162626-seed0,mw-sweep-v3-no_mem-20260413-162626-seed0,sweep-v3,no_mem,PD,20,0.0,200.0,35.28450007932095,0.0,0.0,0.0,20,1,2.8990871906280518,2026-04-13T16:26:29
runs/v2_test/mw-sweep-v3-no_mem-20260413-162824-seed0,mw-sweep-v3-no_mem-20260413-162824-seed0,sweep-v3,no_mem,PD,20,0.0,200.0,28.52547306299965,0.0,0.0,0.0,20,1,2.7813637256622314,2026-04-13T16:28:26
runs/v2_test/mw-sweep-v3-struct_mem-20260413-155157-seed0,mw-sweep-v3-struct_mem-20260413-155157-seed0,sweep-v3,struct_mem,PD,5,0.0,200.0,83.46958646202015,0.0,0.0,0.0,20,1,0.8222682476043701,2026-04-13T15:51:58
